{
  "resourceType" : "Bundle",
  "id" : "1a5d59cd-ce89-4c0b-a898-91faa7a1d163",
  "meta" : {
    "lastUpdated" : "2025-12-23T23:19:08.342+00:00"
  },
  "type" : "collection",
  "entry" : [{
    "fullUrl" : "http://example.ca/fhir/ValueSet/App1ObsCodeVS",
    "resource" : {
      "resourceType" : "ValueSet",
      "text" : {
        "status" : "generated",
        "div" : "<div xmlns=\"http://www.w3.org/1999/xhtml\" data-fhir=\"generated\"><p class=\"res-header-id\"/><p style=\"border: black 1px dotted; background-color: #EEEEEE; padding: 8px; margin-bottom: 8px\">Expansion from tx.fhir.org based on SNOMED CT International edition 01-Feb 2025<span class=\"copy-text-inline\"><button data-clipboard-text=\"http://snomed.info/sct|http://snomed.info/sct/900000000000207008/version/20250201\" title=\"Click to Copy URL\" class=\"btn-copy\"> </button></span></p><p>This value set contains 3 concepts</p><table class=\"codes\" data-fhir=\"generated\"><tr><td><b>System</b></td><td style=\"white-space:nowrap\"><b>Code</b></td><td><b>Display (en)</b></td><td><b>JSON</b></td><td><b>XML</b></td></tr><tr><td><a name=\"x-http://snomed.info/sct-27113001\"> </a><code>http://snomed.info/sct</code></td><td style=\"white-space:nowrap\">\u00a0\u00a0<a href=\"http://snomed.info/id/27113001\">27113001</a></td><td>Body weight</td><td><span class=\"copy-text-inline\"><button data-clipboard-text=\"{&quot;system&quot;: &quot;http://snomed.info/sct&quot;, &quot;version&quot;: &quot;http://snomed.info/sct/900000000000207008/version/20250201&quot;, &quot;code&quot;: &quot;27113001&quot;, &quot;display&quot;: &quot;Body weight&quot;}\" title=\"Click to Copy as Coding\" class=\"btn-copy\"> </button></span></td><td><span class=\"copy-text-inline\"><button data-clipboard-text=\"&lt;coding&gt;&lt;system value=&quot;http://snomed.info/sct&quot;&gt;&lt;version value=&quot;http://snomed.info/sct/900000000000207008/version/20250201&quot;&gt;&lt;code value=&quot;27113001&quot;&gt;&lt;display value=&quot;Body weight&quot;&gt;&lt;/coding&gt;\" title=\"Click to Copy as Coding\" class=\"btn-copy\"> </button></span></td></tr><tr><td><a name=\"x-http://snomed.info/sct-1153637007\"> </a><code>http://snomed.info/sct</code></td><td style=\"white-space:nowrap\">\u00a0\u00a0<a href=\"http://snomed.info/id/1153637007\">1153637007</a></td><td>Body height (observable entity)</td><td><span class=\"copy-text-inline\"><button data-clipboard-text=\"{&quot;system&quot;: &quot;http://snomed.info/sct&quot;, &quot;version&quot;: &quot;http://snomed.info/sct/900000000000207008/version/20250201&quot;, &quot;code&quot;: &quot;1153637007&quot;, &quot;display&quot;: &quot;Body height (observable entity)&quot;}\" title=\"Click to Copy as Coding\" class=\"btn-copy\"> </button></span></td><td><span class=\"copy-text-inline\"><button data-clipboard-text=\"&lt;coding&gt;&lt;system value=&quot;http://snomed.info/sct&quot;&gt;&lt;version value=&quot;http://snomed.info/sct/900000000000207008/version/20250201&quot;&gt;&lt;code value=&quot;1153637007&quot;&gt;&lt;display value=&quot;Body height (observable entity)&quot;&gt;&lt;/coding&gt;\" title=\"Click to Copy as Coding\" class=\"btn-copy\"> </button></span></td></tr><tr><td><a name=\"x-http://snomed.info/sct-276361009\"> </a><code>http://snomed.info/sct</code></td><td style=\"white-space:nowrap\">\u00a0\u00a0<a href=\"http://snomed.info/id/276361009\">276361009</a></td><td>Waist circumference</td><td><span class=\"copy-text-inline\"><button data-clipboard-text=\"{&quot;system&quot;: &quot;http://snomed.info/sct&quot;, &quot;version&quot;: &quot;http://snomed.info/sct/900000000000207008/version/20250201&quot;, &quot;code&quot;: &quot;276361009&quot;, &quot;display&quot;: &quot;Waist circumference&quot;}\" title=\"Click to Copy as Coding\" class=\"btn-copy\"> </button></span></td><td><span class=\"copy-text-inline\"><button data-clipboard-text=\"&lt;coding&gt;&lt;system value=&quot;http://snomed.info/sct&quot;&gt;&lt;version value=&quot;http://snomed.info/sct/900000000000207008/version/20250201&quot;&gt;&lt;code value=&quot;276361009&quot;&gt;&lt;display value=&quot;Waist circumference&quot;&gt;&lt;/coding&gt;\" title=\"Click to Copy as Coding\" class=\"btn-copy\"> </button></span></td></tr></table></div>"
      },
      "url" : "http://example.ca/fhir/ValueSet/App1ObsCodeVS",
      "version" : "0.1.0",
      "name" : "App1ObsCodeVS",
      "status" : "draft",
      "date" : "2025-12-23T23:19:08+00:00",
      "expansion" : {
        "identifier" : "urn:uuid:35c9943a-ca78-49f0-85d4-cae73189ba89",
        "timestamp" : "2025-12-23T23:19:58+00:00",
        "total" : 3,
        "offset" : 0,
        "parameter" : [{
          "name" : "displayLanguage",
          "valueCode" : "en"
        },
        {
          "name" : "count",
          "valueInteger" : 1000
        },
        {
          "name" : "offset",
          "valueInteger" : 0
        },
        {
          "name" : "excludeNested",
          "valueBoolean" : false
        },
        {
          "name" : "used-valueset",
          "valueUri" : "null"
        },
        {
          "name" : "used-codesystem",
          "valueUri" : "http://snomed.info/sct|http://snomed.info/sct/900000000000207008/version/20250201"
        }],
        "contains" : [{
          "system" : "http://snomed.info/sct",
          "code" : "27113001",
          "display" : "Body weight"
        },
        {
          "system" : "http://snomed.info/sct",
          "code" : "1153637007",
          "display" : "Body height (observable entity)"
        },
        {
          "system" : "http://snomed.info/sct",
          "code" : "276361009",
          "display" : "Waist circumference"
        }]
      }
    }
  },
  {
    "fullUrl" : "http://example.ca/fhir/ValueSet/App2ObsCatVS",
    "resource" : {
      "resourceType" : "ValueSet",
      "text" : {
        "status" : "generated",
        "div" : "<div xmlns=\"http://www.w3.org/1999/xhtml\" data-fhir=\"generated\"><p class=\"res-header-id\"/><p style=\"border: black 1px dotted; background-color: #EEEEEE; padding: 8px; margin-bottom: 8px\">Expansion from tx.fhir.org based on SNOMED CT International edition 01-Feb 2025<span class=\"copy-text-inline\"><button data-clipboard-text=\"http://snomed.info/sct|http://snomed.info/sct/900000000000207008/version/20250201\" title=\"Click to Copy URL\" class=\"btn-copy\"> </button></span></p><p>This value set contains 2 concepts</p><table class=\"codes\" data-fhir=\"generated\"><tr><td><b>System</b></td><td style=\"white-space:nowrap\"><b>Code</b></td><td><b>Display (en)</b></td><td><b>JSON</b></td><td><b>XML</b></td></tr><tr><td><a name=\"x-http://snomed.info/sct-248254009\"> </a><code>http://snomed.info/sct</code></td><td style=\"white-space:nowrap\">\u00a0\u00a0<a href=\"http://snomed.info/id/248254009\">248254009</a></td><td>Quality of sleep</td><td><span class=\"copy-text-inline\"><button data-clipboard-text=\"{&quot;system&quot;: &quot;http://snomed.info/sct&quot;, &quot;version&quot;: &quot;http://snomed.info/sct/900000000000207008/version/20250201&quot;, &quot;code&quot;: &quot;248254009&quot;, &quot;display&quot;: &quot;Quality of sleep&quot;}\" title=\"Click to Copy as Coding\" class=\"btn-copy\"> </button></span></td><td><span class=\"copy-text-inline\"><button data-clipboard-text=\"&lt;coding&gt;&lt;system value=&quot;http://snomed.info/sct&quot;&gt;&lt;version value=&quot;http://snomed.info/sct/900000000000207008/version/20250201&quot;&gt;&lt;code value=&quot;248254009&quot;&gt;&lt;display value=&quot;Quality of sleep&quot;&gt;&lt;/coding&gt;\" title=\"Click to Copy as Coding\" class=\"btn-copy\"> </button></span></td></tr><tr><td><a name=\"x-http://snomed.info/sct-405052004\"> </a><code>http://snomed.info/sct</code></td><td style=\"white-space:nowrap\">\u00a0\u00a0<a href=\"http://snomed.info/id/405052004\">405052004</a></td><td>Level of stress (observable entity)</td><td><span class=\"copy-text-inline\"><button data-clipboard-text=\"{&quot;system&quot;: &quot;http://snomed.info/sct&quot;, &quot;version&quot;: &quot;http://snomed.info/sct/900000000000207008/version/20250201&quot;, &quot;code&quot;: &quot;405052004&quot;, &quot;display&quot;: &quot;Level of stress (observable entity)&quot;}\" title=\"Click to Copy as Coding\" class=\"btn-copy\"> </button></span></td><td><span class=\"copy-text-inline\"><button data-clipboard-text=\"&lt;coding&gt;&lt;system value=&quot;http://snomed.info/sct&quot;&gt;&lt;version value=&quot;http://snomed.info/sct/900000000000207008/version/20250201&quot;&gt;&lt;code value=&quot;405052004&quot;&gt;&lt;display value=&quot;Level of stress (observable entity)&quot;&gt;&lt;/coding&gt;\" title=\"Click to Copy as Coding\" class=\"btn-copy\"> </button></span></td></tr></table></div>"
      },
      "url" : "http://example.ca/fhir/ValueSet/App2ObsCatVS",
      "version" : "0.1.0",
      "name" : "App2ObsCatVS",
      "status" : "draft",
      "date" : "2025-12-23T23:19:08+00:00",
      "expansion" : {
        "identifier" : "urn:uuid:4d1d8792-df3a-42cd-b288-3f88c841cfd9",
        "timestamp" : "2025-12-23T23:20:00+00:00",
        "total" : 2,
        "offset" : 0,
        "parameter" : [{
          "name" : "displayLanguage",
          "valueCode" : "en"
        },
        {
          "name" : "count",
          "valueInteger" : 1000
        },
        {
          "name" : "offset",
          "valueInteger" : 0
        },
        {
          "name" : "excludeNested",
          "valueBoolean" : false
        },
        {
          "name" : "used-valueset",
          "valueUri" : "null"
        },
        {
          "name" : "used-codesystem",
          "valueUri" : "http://snomed.info/sct|http://snomed.info/sct/900000000000207008/version/20250201"
        }],
        "contains" : [{
          "system" : "http://snomed.info/sct",
          "code" : "248254009",
          "display" : "Quality of sleep"
        },
        {
          "system" : "http://snomed.info/sct",
          "code" : "405052004",
          "display" : "Level of stress (observable entity)"
        }]
      }
    }
  },
  {
    "fullUrl" : "http://example.ca/fhir/ValueSet/App2ObsCodeVS",
    "resource" : {
      "resourceType" : "ValueSet",
      "text" : {
        "status" : "generated",
        "div" : "<div xmlns=\"http://www.w3.org/1999/xhtml\" data-fhir=\"generated\"><p class=\"res-header-id\"/><p style=\"border: black 1px dotted; background-color: #EEEEEE; padding: 8px; margin-bottom: 8px\">Expansion from tx.fhir.org based on SNOMED CT International edition 01-Feb 2025<span class=\"copy-text-inline\"><button data-clipboard-text=\"http://snomed.info/sct|http://snomed.info/sct/900000000000207008/version/20250201\" title=\"Click to Copy URL\" class=\"btn-copy\"> </button></span></p><p>This value set contains 3 concepts</p><table class=\"codes\" data-fhir=\"generated\"><tr><td><b>System</b></td><td style=\"white-space:nowrap\"><b>Code</b></td><td><b>Display (en)</b></td><td><b>JSON</b></td><td><b>XML</b></td></tr><tr><td><a name=\"x-http://snomed.info/sct-405161002\"> </a><code>http://snomed.info/sct</code></td><td style=\"white-space:nowrap\">\u00a0\u00a0<a href=\"http://snomed.info/id/405161002\">405161002</a></td><td>Pain level (observable entity)</td><td><span class=\"copy-text-inline\"><button data-clipboard-text=\"{&quot;system&quot;: &quot;http://snomed.info/sct&quot;, &quot;version&quot;: &quot;http://snomed.info/sct/900000000000207008/version/20250201&quot;, &quot;code&quot;: &quot;405161002&quot;, &quot;display&quot;: &quot;Pain level (observable entity)&quot;}\" title=\"Click to Copy as Coding\" class=\"btn-copy\"> </button></span></td><td><span class=\"copy-text-inline\"><button data-clipboard-text=\"&lt;coding&gt;&lt;system value=&quot;http://snomed.info/sct&quot;&gt;&lt;version value=&quot;http://snomed.info/sct/900000000000207008/version/20250201&quot;&gt;&lt;code value=&quot;405161002&quot;&gt;&lt;display value=&quot;Pain level (observable entity)&quot;&gt;&lt;/coding&gt;\" title=\"Click to Copy as Coding\" class=\"btn-copy\"> </button></span></td></tr><tr><td><a name=\"x-http://snomed.info/sct-248263006\"> </a><code>http://snomed.info/sct</code></td><td style=\"white-space:nowrap\">\u00a0\u00a0<a href=\"http://snomed.info/id/248263006\">248263006</a></td><td>Duration of sleep</td><td><span class=\"copy-text-inline\"><button data-clipboard-text=\"{&quot;system&quot;: &quot;http://snomed.info/sct&quot;, &quot;version&quot;: &quot;http://snomed.info/sct/900000000000207008/version/20250201&quot;, &quot;code&quot;: &quot;248263006&quot;, &quot;display&quot;: &quot;Duration of sleep&quot;}\" title=\"Click to Copy as Coding\" class=\"btn-copy\"> </button></span></td><td><span class=\"copy-text-inline\"><button data-clipboard-text=\"&lt;coding&gt;&lt;system value=&quot;http://snomed.info/sct&quot;&gt;&lt;version value=&quot;http://snomed.info/sct/900000000000207008/version/20250201&quot;&gt;&lt;code value=&quot;248263006&quot;&gt;&lt;display value=&quot;Duration of sleep&quot;&gt;&lt;/coding&gt;\" title=\"Click to Copy as Coding\" class=\"btn-copy\"> </button></span></td></tr><tr><td><a name=\"x-http://snomed.info/sct-248254009\"> </a><code>http://snomed.info/sct</code></td><td style=\"white-space:nowrap\">\u00a0\u00a0<a href=\"http://snomed.info/id/248254009\">248254009</a></td><td>Quality of sleep</td><td><span class=\"copy-text-inline\"><button data-clipboard-text=\"{&quot;system&quot;: &quot;http://snomed.info/sct&quot;, &quot;version&quot;: &quot;http://snomed.info/sct/900000000000207008/version/20250201&quot;, &quot;code&quot;: &quot;248254009&quot;, &quot;display&quot;: &quot;Quality of sleep&quot;}\" title=\"Click to Copy as Coding\" class=\"btn-copy\"> </button></span></td><td><span class=\"copy-text-inline\"><button data-clipboard-text=\"&lt;coding&gt;&lt;system value=&quot;http://snomed.info/sct&quot;&gt;&lt;version value=&quot;http://snomed.info/sct/900000000000207008/version/20250201&quot;&gt;&lt;code value=&quot;248254009&quot;&gt;&lt;display value=&quot;Quality of sleep&quot;&gt;&lt;/coding&gt;\" title=\"Click to Copy as Coding\" class=\"btn-copy\"> </button></span></td></tr></table></div>"
      },
      "url" : "http://example.ca/fhir/ValueSet/App2ObsCodeVS",
      "version" : "0.1.0",
      "name" : "App2ObsCodeVS",
      "status" : "draft",
      "date" : "2025-12-23T23:19:08+00:00",
      "expansion" : {
        "identifier" : "urn:uuid:466da4d6-82f3-44b8-857a-5b82ccbfff3c",
        "timestamp" : "2025-12-23T23:20:01+00:00",
        "total" : 3,
        "offset" : 0,
        "parameter" : [{
          "name" : "displayLanguage",
          "valueCode" : "en"
        },
        {
          "name" : "count",
          "valueInteger" : 1000
        },
        {
          "name" : "offset",
          "valueInteger" : 0
        },
        {
          "name" : "excludeNested",
          "valueBoolean" : false
        },
        {
          "name" : "used-valueset",
          "valueUri" : "null"
        },
        {
          "name" : "used-codesystem",
          "valueUri" : "http://snomed.info/sct|http://snomed.info/sct/900000000000207008/version/20250201"
        }],
        "contains" : [{
          "system" : "http://snomed.info/sct",
          "code" : "405161002",
          "display" : "Pain level (observable entity)"
        },
        {
          "system" : "http://snomed.info/sct",
          "code" : "248263006",
          "display" : "Duration of sleep"
        },
        {
          "system" : "http://snomed.info/sct",
          "code" : "248254009",
          "display" : "Quality of sleep"
        }]
      }
    }
  },
  {
    "fullUrl" : "http://example.ca/fhir/ValueSet/ObservationIdVS",
    "resource" : {
      "resourceType" : "ValueSet",
      "text" : {
        "status" : "generated",
        "div" : "<div xmlns=\"http://www.w3.org/1999/xhtml\" data-fhir=\"generated\"><p class=\"res-header-id\"/><p style=\"border: black 1px dotted; background-color: #EEEEEE; padding: 8px; margin-bottom: 8px\">Expansion performed internally based on <a href=\"CodeSystem-LGIdTypeCS.html\">codesystem LG Identifier Type code system v0.1.0 (CodeSystem)</a><span class=\"copy-text-inline\"><button data-clipboard-text=\"https://lg.com/fhir/CodeSystem/identifier-type|0.1.0\" title=\"Click to Copy URL\" class=\"btn-copy\"> </button></span></p><p>This value set contains 1 concepts</p><table class=\"codes\" data-fhir=\"generated\"><tr><td><b>System</b></td><td style=\"white-space:nowrap\"><b>Code</b></td><td><b>Display (en)</b></td><td><b>Definition</b></td><td><b>JSON</b></td><td><b>XML</b></td></tr><tr><td><a name=\"x-https://lg.com/fhir/CodeSystem/identifier-type-metric-id\"> </a><code>https://lg.com/fhir/CodeSystem/identifier-type</code></td><td style=\"white-space:nowrap\">\u00a0\u00a0<a href=\"CodeSystem-LGIdTypeCS.html#LGIdTypeCS-metric-id\">metric-id</a></td><td>Self Reported Metric ID</td><td>LG assigned identifier for a self reported metric record</td><td><span class=\"copy-text-inline\"><button data-clipboard-text=\"{&quot;system&quot;: &quot;https://lg.com/fhir/CodeSystem/identifier-type&quot;, &quot;version&quot;: &quot;0.1.0&quot;, &quot;code&quot;: &quot;metric-id&quot;, &quot;display&quot;: &quot;Self Reported Metric ID&quot;}\" title=\"Click to Copy as Coding\" class=\"btn-copy\"> </button></span></td><td><span class=\"copy-text-inline\"><button data-clipboard-text=\"&lt;coding&gt;&lt;system value=&quot;https://lg.com/fhir/CodeSystem/identifier-type&quot;&gt;&lt;version value=&quot;0.1.0&quot;&gt;&lt;code value=&quot;metric-id&quot;&gt;&lt;display value=&quot;Self Reported Metric ID&quot;&gt;&lt;/coding&gt;\" title=\"Click to Copy as Coding\" class=\"btn-copy\"> </button></span></td></tr></table></div>"
      },
      "url" : "http://example.ca/fhir/ValueSet/ObservationIdVS",
      "version" : "0.1.0",
      "name" : "ObservationIdVS",
      "status" : "draft",
      "date" : "2025-12-23T23:19:08+00:00",
      "expansion" : {
        "identifier" : "urn:uuid:c68066ca-95d0-4768-b857-7cfc0d4d24c2",
        "timestamp" : "2025-12-23T23:20:03+00:00",
        "total" : 1,
        "offset" : 0,
        "parameter" : [{
          "name" : "displayLanguage",
          "valueCode" : "en"
        },
        {
          "name" : "count",
          "valueInteger" : 1000
        },
        {
          "name" : "offset",
          "valueInteger" : 0
        },
        {
          "name" : "excludeNested",
          "valueBoolean" : false
        },
        {
          "name" : "used-codesystem",
          "valueUri" : "https://lg.com/fhir/CodeSystem/identifier-type|0.1.0"
        }],
        "contains" : [{
          "system" : "https://lg.com/fhir/CodeSystem/identifier-type",
          "code" : "metric-id",
          "display" : "Self Reported Metric ID"
        }]
      }
    }
  },
  {
    "fullUrl" : "http://example.ca/fhir/ValueSet/PatientIdVS",
    "resource" : {
      "resourceType" : "ValueSet",
      "text" : {
        "status" : "generated",
        "div" : "<div xmlns=\"http://www.w3.org/1999/xhtml\" data-fhir=\"generated\"><p class=\"res-header-id\"/><p style=\"border: black 1px dotted; background-color: #EEEEEE; padding: 8px; margin-bottom: 8px\">Expansion performed internally based on <a href=\"CodeSystem-LLIdTypeCS.html\">codesystem LL Identifier Type code system v0.1.0 (CodeSystem)</a><span class=\"copy-text-inline\"><button data-clipboard-text=\"https://example.ca/fhir/CodeSystem/identifier-type|0.1.0\" title=\"Click to Copy URL\" class=\"btn-copy\"> </button></span></p><p>This value set contains 2 concepts</p><table class=\"codes\" data-fhir=\"generated\"><tr><td><b>System</b></td><td style=\"white-space:nowrap\"><b>Code</b></td><td><b>Display (en)</b></td><td><b>Definition</b></td><td><b>JSON</b></td><td><b>XML</b></td></tr><tr><td><a name=\"x-https://example.ca/fhir/CodeSystem/identifier-type-pa_id\"> </a><code>https://example.ca/fhir/CodeSystem/identifier-type</code></td><td style=\"white-space:nowrap\">\u00a0\u00a0<a href=\"CodeSystem-LLIdTypeCS.html#LLIdTypeCS-pa_id\">pa_id</a></td><td>HH Patient</td><td>HH Patient ID</td><td><span class=\"copy-text-inline\"><button data-clipboard-text=\"{&quot;system&quot;: &quot;https://example.ca/fhir/CodeSystem/identifier-type&quot;, &quot;version&quot;: &quot;0.1.0&quot;, &quot;code&quot;: &quot;pa_id&quot;, &quot;display&quot;: &quot;HH Patient&quot;}\" title=\"Click to Copy as Coding\" class=\"btn-copy\"> </button></span></td><td><span class=\"copy-text-inline\"><button data-clipboard-text=\"&lt;coding&gt;&lt;system value=&quot;https://example.ca/fhir/CodeSystem/identifier-type&quot;&gt;&lt;version value=&quot;0.1.0&quot;&gt;&lt;code value=&quot;pa_id&quot;&gt;&lt;display value=&quot;HH Patient&quot;&gt;&lt;/coding&gt;\" title=\"Click to Copy as Coding\" class=\"btn-copy\"> </button></span></td></tr><tr><td><a name=\"x-https://example.ca/fhir/CodeSystem/identifier-type-peid\"> </a><code>https://example.ca/fhir/CodeSystem/identifier-type</code></td><td style=\"white-space:nowrap\">\u00a0\u00a0<a href=\"CodeSystem-LLIdTypeCS.html#LLIdTypeCS-peid\">peid</a></td><td>PEid</td><td>PEid used in creation of digital customer profiles</td><td><span class=\"copy-text-inline\"><button data-clipboard-text=\"{&quot;system&quot;: &quot;https://example.ca/fhir/CodeSystem/identifier-type&quot;, &quot;version&quot;: &quot;0.1.0&quot;, &quot;code&quot;: &quot;peid&quot;, &quot;display&quot;: &quot;PEid&quot;}\" title=\"Click to Copy as Coding\" class=\"btn-copy\"> </button></span></td><td><span class=\"copy-text-inline\"><button data-clipboard-text=\"&lt;coding&gt;&lt;system value=&quot;https://example.ca/fhir/CodeSystem/identifier-type&quot;&gt;&lt;version value=&quot;0.1.0&quot;&gt;&lt;code value=&quot;peid&quot;&gt;&lt;display value=&quot;PEid&quot;&gt;&lt;/coding&gt;\" title=\"Click to Copy as Coding\" class=\"btn-copy\"> </button></span></td></tr></table></div>"
      },
      "url" : "http://example.ca/fhir/ValueSet/PatientIdVS",
      "version" : "0.1.0",
      "name" : "PatientIdVS",
      "status" : "draft",
      "date" : "2025-12-23T23:19:08+00:00",
      "expansion" : {
        "identifier" : "urn:uuid:73362f35-8754-4285-975a-7b743f4165b3",
        "timestamp" : "2025-12-23T23:20:02+00:00",
        "total" : 2,
        "offset" : 0,
        "parameter" : [{
          "name" : "displayLanguage",
          "valueCode" : "en"
        },
        {
          "name" : "count",
          "valueInteger" : 1000
        },
        {
          "name" : "offset",
          "valueInteger" : 0
        },
        {
          "name" : "excludeNested",
          "valueBoolean" : false
        },
        {
          "name" : "used-codesystem",
          "valueUri" : "https://example.ca/fhir/CodeSystem/identifier-type|0.1.0"
        }],
        "contains" : [{
          "system" : "https://example.ca/fhir/CodeSystem/identifier-type",
          "code" : "pa_id",
          "display" : "HH Patient"
        },
        {
          "system" : "https://example.ca/fhir/CodeSystem/identifier-type",
          "code" : "peid",
          "display" : "PEid"
        }]
      }
    }
  }]
}