<?xml version="1.0" encoding="UTF-8"?>

<Patient xmlns="http://hl7.org/fhir">
  <id value="App2PatientExample"/>
  <meta>
    <source value="https://example.ca/fhir/NamingSystem/peid-peh"/>
    <profile value="http://example.ca/fhir/StructureDefinition/App2Patient"/>
  </meta>
  <text>
    <status value="generated"/><div xmlns="http://www.w3.org/1999/xhtml"><p class="res-header-id"><b>Generated Narrative: Patient App2PatientExample</b></p><a name="App2PatientExample"> </a><a name="hcApp2PatientExample"> </a><div style="display: inline-block; background-color: #d9e0e7; padding: 6px; margin: 4px; border: 1px solid #8da1b4; border-radius: 5px; line-height: 60%"><p style="margin-bottom: 0px"/><p style="margin-bottom: 0px">Information Source: <a href="https://example.ca/fhir/NamingSystem/peid-peh">https://example.ca/fhir/NamingSystem/peid-peh</a></p><p style="margin-bottom: 0px">Profile: <a href="StructureDefinition-App2Patient.html">App2Patient</a></p></div><p style="border: 1px #661aff solid; background-color: #e6e6ff; padding: 10px;">Jane Smith  (no stated gender), DoB Unknown ( PEid: uuid)</p><hr/><table class="grid"><tr><td style="background-color: #f3f5da" title="This extension captures the creation date of the artifact on the client system (i.e., the system where it was generated)."><a href="StructureDefinition-CreateDate.html"/></td><td colspan="3">2025-12-15</td></tr></table></div>
  </text>
  <extension url="https://example.ca/fhir/extensions/global/createDate">
    <valueDateTime value="2025-12-15"/>
  </extension>
  <identifier>
    <type>
      <coding>
        <system value="https://example.ca/fhir/CodeSystem/identifier-type"/>
        <code value="peid"/>
        <display value="PEid"/>
      </coding>
    </type>
    <system value="https://example.ca/fhir/NamingSystem/peid-peh"/>
    <value value="uuid"/>
  </identifier>
  <name>
    <family value="Smith"/>
    <given value="Jane"/>
  </name>
</Patient>