<?xml version="1.0" encoding="UTF-8"?><ImplementationGuide xmlns="http://hl7.org/fhir"><id value="fhir.ig.demo"/><text><status value="generated"/><div xmlns="http://www.w3.org/1999/xhtml"><p class="res-header-id"><b>Generated Narrative: ImplementationGuide fhir.ig.demo</b></p><a name="fhir.ig.demo"> </a><a name="hcfhir.ig.demo"> </a><h2>LLDemoIG</h2><p>The official URL for this implementation guide is: </p><pre>http://example.ca/fhir/ImplementationGuide/fhir.ig.demo</pre><div><p>Demo Implementation Guide for getting started with FSH, SUSHI and IG Builder</p>
</div></div></text><url value="http://example.ca/fhir/ImplementationGuide/fhir.ig.demo"/><version value="0.1.0"/><name value="LLDemoIG"/><title value="LL Demo IG"/><status value="draft"/><date value="2025-12-23T19:42:55+00:00"/><publisher value="Example Publisher"/><contact><name value="Example Publisher"/><telecom><system value="url"/><value value="http://example.org/example-publisher"/></telecom></contact><description value="Demo Implementation Guide for getting started with FSH, SUSHI and IG Builder"/><packageId value="fhir.ig.demo"/><license value="CC0-1.0"/><fhirVersion value="5.0.0"/><dependsOn id="hl7tx"><extension url="http://hl7.org/fhir/tools/StructureDefinition/implementationguide-dependency-comment"><valueMarkdown value="Automatically added as a dependency - all IGs depend on HL7 Terminology"/></extension><uri value="http://terminology.hl7.org/ImplementationGuide/hl7.terminology"/><packageId value="hl7.terminology.r5"/><version value="7.0.1"/></dependsOn><dependsOn id="hl7ext"><extension url="http://hl7.org/fhir/tools/StructureDefinition/implementationguide-dependency-comment"><valueMarkdown value="Automatically added as a dependency - all IGs depend on the HL7 Extension Pack"/></extension><uri value="http://hl7.org/fhir/extensions/ImplementationGuide/hl7.fhir.uv.extensions"/><packageId value="hl7.fhir.uv.extensions.r5"/><version value="5.2.0"/></dependsOn><definition><extension url="http://hl7.org/fhir/tools/StructureDefinition/ig-parameter"><extension url="code"><valueCode value="special-url"/></extension><extension url="value"><valueString value="https://example.ca/fhir/CodeSystem/identifier-type"/></extension></extension><extension url="http://hl7.org/fhir/tools/StructureDefinition/ig-parameter"><extension url="code"><valueCode value="special-url"/></extension><extension url="value"><valueString value="https://lg.com/fhir/CodeSystem/identifier-type"/></extension></extension><extension url="http://hl7.org/fhir/tools/StructureDefinition/ig-parameter"><extension url="code"><valueCode value="special-url"/></extension><extension url="value"><valueString value="https://rxvx.ca/fhir/CodeSystem/identifier-type"/></extension></extension><extension url="http://hl7.org/fhir/tools/StructureDefinition/ig-parameter"><extension url="code"><valueCode value="special-url"/></extension><extension url="value"><valueString value="https://example.ca/fhir/extensions/global/createDate"/></extension></extension><extension url="http://hl7.org/fhir/tools/StructureDefinition/ig-parameter"><extension url="code"><valueCode value="special-url"/></extension><extension url="value"><valueString value="https://example.ca/fhir/SearchParameter/updatedate"/></extension></extension><extension url="http://hl7.org/fhir/tools/StructureDefinition/ig-internal-dependency"><valueCode value="hl7.fhir.uv.tools.r5#0.9.0"/></extension><grouping id="-dyn-searchparameter"><name value="Behavior: Search Parameters"/><description value="These define the properties by which a RESTful server can be searched.  They can also be used for sorting and including related resources."/></grouping><grouping id="-str-abstractprofile"><name value="Structures: Abstract Profiles"/><description value="These are profiles on resources or data types that describe patterns used by other profiles, but cannot be instantiated directly.  I.e. instances can conform to profiles *based* on these abstract profiles but do not declare conformance to the abstract profiles themselves."/></grouping><grouping id="-str-profile"><name value="Structures: Resource Profiles"/><description value="These define constraints on FHIR resources for systems conforming to this implementation guide."/></grouping><grouping id="-str-extension"><name value="Structures: Extension Definitions"/><description value="These define constraints on FHIR data types for systems conforming to this implementation guide."/></grouping><grouping id="-term-valueset"><name value="Terminology: Value Sets"/><description value="These define sets of codes used by systems conforming to this implementation guide."/></grouping><grouping id="-term-codesystem"><name value="Terminology: Code Systems"/><description value="These define new code systems used by systems conforming to this implementation guide."/></grouping><grouping id="-term-namingsystem"><name value="Terminology: Naming Systems"/><description value="These define identifier and/or code system identities used by systems conforming to this implementation guide."/></grouping><grouping id="-ex-example"><name value="Example: Example Instances"/><description value="These are example instances that show what data produced and consumed by systems conforming with this implementation guide might look like."/></grouping><resource><extension url="http://hl7.org/fhir/tools/StructureDefinition/resource-sort"><valueInteger value="999999999"/></extension><extension url="http://hl7.org/fhir/StructureDefinition/implementationguide-page"><valueUri value="SearchParameter-UpdateDateSP.html"/></extension><reference><reference value="SearchParameter/UpdateDateSP"/></reference><name value="UpdateDateSP"/><description value="Enabling search parameter to search updateDate extension that is used to capture client-side update timestamp."/><isExample value="false"/><groupingId value="-dyn-searchparameter"/></resource><resource><extension url="http://hl7.org/fhir/tools/StructureDefinition/resource-sort"><valueInteger value="999999999"/></extension><extension url="http://hl7.org/fhir/StructureDefinition/implementationguide-page"><valueUri value="StructureDefinition-CoreObservation.html"/></extension><reference><reference value="StructureDefinition/CoreObservation"/></reference><name value="CoreObservation"/><description value="An example profile of the core Observation resource."/><isExample value="false"/><groupingId value="-str-abstractprofile"/></resource><resource><extension url="http://hl7.org/fhir/tools/StructureDefinition/resource-sort"><valueInteger value="999999999"/></extension><extension url="http://hl7.org/fhir/StructureDefinition/implementationguide-page"><valueUri value="StructureDefinition-CorePatient.html"/></extension><reference><reference value="StructureDefinition/CorePatient"/></reference><name value="CorePatient"/><description value="An example profile of the core Patient resource."/><isExample value="false"/><groupingId value="-str-abstractprofile"/></resource><resource><extension url="http://hl7.org/fhir/tools/StructureDefinition/resource-sort"><valueInteger value="999999999"/></extension><extension url="http://hl7.org/fhir/StructureDefinition/implementationguide-page"><valueUri value="StructureDefinition-App1Observation.html"/></extension><reference><reference value="StructureDefinition/App1Observation"/></reference><name value="App1Observation"/><description value="Observation profile for Application 1"/><isExample value="false"/><groupingId value="-str-profile"/></resource><resource><extension url="http://hl7.org/fhir/tools/StructureDefinition/resource-sort"><valueInteger value="999999999"/></extension><extension url="http://hl7.org/fhir/StructureDefinition/implementationguide-page"><valueUri value="StructureDefinition-App1Patient.html"/></extension><reference><reference value="StructureDefinition/App1Patient"/></reference><name value="App1Patient"/><description value="Patient profile for Application 1"/><isExample value="false"/><groupingId value="-str-profile"/></resource><resource><extension url="http://hl7.org/fhir/tools/StructureDefinition/resource-sort"><valueInteger value="999999999"/></extension><extension url="http://hl7.org/fhir/StructureDefinition/implementationguide-page"><valueUri value="StructureDefinition-App2Observation.html"/></extension><reference><reference value="StructureDefinition/App2Observation"/></reference><name value="App2Observation"/><description value="Observation profile for Application 2"/><isExample value="false"/><groupingId value="-str-profile"/></resource><resource><extension url="http://hl7.org/fhir/tools/StructureDefinition/resource-sort"><valueInteger value="999999999"/></extension><extension url="http://hl7.org/fhir/StructureDefinition/implementationguide-page"><valueUri value="StructureDefinition-App2Patient.html"/></extension><reference><reference value="StructureDefinition/App2Patient"/></reference><name value="App2Patient"/><description value="Patient profile for Application 2"/><isExample value="false"/><groupingId value="-str-profile"/></resource><resource><extension url="http://hl7.org/fhir/tools/StructureDefinition/resource-sort"><valueInteger value="999999999"/></extension><extension url="http://hl7.org/fhir/StructureDefinition/implementationguide-page"><valueUri value="StructureDefinition-CreateDate.html"/></extension><reference><reference value="StructureDefinition/CreateDate"/></reference><name value="CreateDate"/><description value="This extension captures the creation date of the artifact on the client system (i.e., the system where it was generated)."/><isExample value="false"/><groupingId value="-str-extension"/></resource><resource><extension url="http://hl7.org/fhir/tools/StructureDefinition/resource-sort"><valueInteger value="999999999"/></extension><extension url="http://hl7.org/fhir/StructureDefinition/implementationguide-page"><valueUri value="StructureDefinition-ObservationSource.html"/></extension><reference><reference value="StructureDefinition/ObservationSource"/></reference><name value="ObservationSource"/><description value="This extension captures the originating context of the observation, representing the type of source from which the observation data was obtained, such as a laboratory, point-of-care device, patient self-report, healthcare professional, or external registry. It distinguishes the semantic source of the observation from existing FHIR attributes like performer (who asserted or reported the observation), method (the analytical technique used), or device (the instrument involved). The source type is expressed as a CodeableConcept, with values mapped from the source system to a standardized or custom code system."/><isExample value="false"/><groupingId value="-str-extension"/></resource><resource><extension url="http://hl7.org/fhir/tools/StructureDefinition/resource-sort"><valueInteger value="999999999"/></extension><extension url="http://hl7.org/fhir/StructureDefinition/implementationguide-page"><valueUri value="ValueSet-App1ObsCodeVS.html"/></extension><reference><reference value="ValueSet/App1ObsCodeVS"/></reference><name value="App1ObsCodeVS"/><description value="ValueSet of RxCA Observation codes"/><isExample value="false"/><groupingId value="-term-valueset"/></resource><resource><extension url="http://hl7.org/fhir/tools/StructureDefinition/resource-sort"><valueInteger value="999999999"/></extension><extension url="http://hl7.org/fhir/StructureDefinition/implementationguide-page"><valueUri value="ValueSet-App2ObsCatVS.html"/></extension><reference><reference value="ValueSet/App2ObsCatVS"/></reference><name value="App2ObsCatVS"/><description value="ValueSet of SDM App Observation categories"/><isExample value="false"/><groupingId value="-term-valueset"/></resource><resource><extension url="http://hl7.org/fhir/tools/StructureDefinition/resource-sort"><valueInteger value="999999999"/></extension><extension url="http://hl7.org/fhir/StructureDefinition/implementationguide-page"><valueUri value="ValueSet-App2ObsCodeVS.html"/></extension><reference><reference value="ValueSet/App2ObsCodeVS"/></reference><name value="App2ObsCodeVS"/><description value="ValueSet of SDM App Observation codes"/><isExample value="false"/><groupingId value="-term-valueset"/></resource><resource><extension url="http://hl7.org/fhir/tools/StructureDefinition/resource-sort"><valueInteger value="999999999"/></extension><extension url="http://hl7.org/fhir/StructureDefinition/implementationguide-page"><valueUri value="ValueSet-ObservationIdVS.html"/></extension><reference><reference value="ValueSet/ObservationIdVS"/></reference><name value="ObservationIdVS"/><description value="ValueSet of Observation identifier types"/><isExample value="false"/><groupingId value="-term-valueset"/></resource><resource><extension url="http://hl7.org/fhir/tools/StructureDefinition/resource-sort"><valueInteger value="999999999"/></extension><extension url="http://hl7.org/fhir/StructureDefinition/implementationguide-page"><valueUri value="ValueSet-PatientIdVS.html"/></extension><reference><reference value="ValueSet/PatientIdVS"/></reference><name value="PatientIdVS"/><description value="ValueSet of Patient identifier types"/><isExample value="false"/><groupingId value="-term-valueset"/></resource><resource><extension url="http://hl7.org/fhir/tools/StructureDefinition/resource-sort"><valueInteger value="999999999"/></extension><extension url="http://hl7.org/fhir/StructureDefinition/implementationguide-page"><valueUri value="CodeSystem-LGIdTypeCS.html"/></extension><reference><reference value="CodeSystem/LGIdTypeCS"/></reference><name value="LG Identifier Type code system"/><description value="Custom code system to define LG identifier types"/><isExample value="false"/><groupingId value="-term-codesystem"/></resource><resource><extension url="http://hl7.org/fhir/tools/StructureDefinition/resource-sort"><valueInteger value="999999999"/></extension><extension url="http://hl7.org/fhir/StructureDefinition/implementationguide-page"><valueUri value="CodeSystem-LLIdTypeCS.html"/></extension><reference><reference value="CodeSystem/LLIdTypeCS"/></reference><name value="LL Identifier Type code system"/><description value="Custom code system to define LL identifier types"/><isExample value="false"/><groupingId value="-term-codesystem"/></resource><resource><extension url="http://hl7.org/fhir/tools/StructureDefinition/resource-sort"><valueInteger value="999999999"/></extension><extension url="http://hl7.org/fhir/StructureDefinition/implementationguide-page"><valueUri value="CodeSystem-RxVXIdTypeCS.html"/></extension><reference><reference value="CodeSystem/RxVXIdTypeCS"/></reference><name value="RxVX Identifier Type code system"/><description value="Custom code system to define RxVX identifier types"/><isExample value="false"/><groupingId value="-term-codesystem"/></resource><resource><extension url="http://hl7.org/fhir/tools/StructureDefinition/resource-sort"><valueInteger value="999999999"/></extension><extension url="http://hl7.org/fhir/StructureDefinition/implementationguide-page"><valueUri value="NamingSystem-HHIdNS.html"/></extension><reference><reference value="NamingSystem/HHIdNS"/></reference><name value="HHIdNS"/><description value="A local system for HH identifiers."/><isExample value="false"/><groupingId value="-term-namingsystem"/></resource><resource><extension url="http://hl7.org/fhir/tools/StructureDefinition/resource-sort"><valueInteger value="999999999"/></extension><extension url="http://hl7.org/fhir/StructureDefinition/implementationguide-page"><valueUri value="Observation-App1ObservationExample.html"/></extension><reference><reference value="Observation/App1ObservationExample"/></reference><name value="App1ObservationExample"/><description value="An example of Application 1 Observation"/><isExample value="true"/><profile value="http://example.ca/fhir/StructureDefinition/App1Observation"/><groupingId value="-ex-example"/></resource><resource><extension url="http://hl7.org/fhir/tools/StructureDefinition/resource-sort"><valueInteger value="999999999"/></extension><extension url="http://hl7.org/fhir/StructureDefinition/implementationguide-page"><valueUri value="Patient-App1PatientExample.html"/></extension><reference><reference value="Patient/App1PatientExample"/></reference><name value="App1PatientExample"/><description value="An example of Application 1 Patient"/><isExample value="true"/><profile value="http://example.ca/fhir/StructureDefinition/App1Patient"/><groupingId value="-ex-example"/></resource><resource><extension url="http://hl7.org/fhir/tools/StructureDefinition/resource-sort"><valueInteger value="999999999"/></extension><extension url="http://hl7.org/fhir/StructureDefinition/implementationguide-page"><valueUri value="Observation-App2ObservationExample.html"/></extension><reference><reference value="Observation/App2ObservationExample"/></reference><name value="App2ObservationExample"/><description value="An example of Application 2 Observation"/><isExample value="true"/><profile value="http://example.ca/fhir/StructureDefinition/App2Observation"/><groupingId value="-ex-example"/></resource><resource><extension url="http://hl7.org/fhir/tools/StructureDefinition/resource-sort"><valueInteger value="999999999"/></extension><extension url="http://hl7.org/fhir/StructureDefinition/implementationguide-page"><valueUri value="Patient-App2PatientExample.html"/></extension><reference><reference value="Patient/App2PatientExample"/></reference><name value="App2PatientExample"/><description value="An example of Application 2 Patient"/><isExample value="true"/><profile value="http://example.ca/fhir/StructureDefinition/App2Patient"/><groupingId value="-ex-example"/></resource><page><sourceUrl value="toc.html"/><name value="toc.html"/><title value="Table of Contents"/><generation value="html"/><page><sourceUrl value="index.html"/><name value="index.html"/><title value="Home"/><generation value="markdown"/></page><page><sourceUrl value="app1.html"/><name value="app1.html"/><title value="Application A Implementation"/><generation value="markdown"/></page><page><sourceUrl value="app2.html"/><name value="app2.html"/><title value="Application B Implementation"/><generation value="markdown"/></page><page><sourceUrl value="profiles.html"/><name value="profiles.html"/><title value="Profiles and Extensions"/><generation value="markdown"/></page><page><sourceUrl value="terminology.html"/><name value="terminology.html"/><title value="CodeSystems and ValueSets"/><generation value="markdown"/></page><page><sourceUrl value="artifacts.html"/><name value="artifacts.html"/><title value="Artifacts Summary"/><generation value="html"/><page><sourceUrl value="SearchParameter-UpdateDateSP.html"/><name value="SearchParameter-UpdateDateSP.html"/><title value="UpdateDateSP"/><generation value="generated"/></page><page><sourceUrl value="StructureDefinition-CoreObservation.html"/><name value="StructureDefinition-CoreObservation.html"/><title value="CoreObservation"/><generation value="generated"/></page><page><sourceUrl value="StructureDefinition-CorePatient.html"/><name value="StructureDefinition-CorePatient.html"/><title value="CorePatient"/><generation value="generated"/></page><page><sourceUrl value="StructureDefinition-App1Observation.html"/><name value="StructureDefinition-App1Observation.html"/><title value="App1Observation"/><generation value="generated"/></page><page><sourceUrl value="StructureDefinition-App1Patient.html"/><name value="StructureDefinition-App1Patient.html"/><title value="App1Patient"/><generation value="generated"/></page><page><sourceUrl value="StructureDefinition-App2Observation.html"/><name value="StructureDefinition-App2Observation.html"/><title value="App2Observation"/><generation value="generated"/></page><page><sourceUrl value="StructureDefinition-App2Patient.html"/><name value="StructureDefinition-App2Patient.html"/><title value="App2Patient"/><generation value="generated"/></page><page><sourceUrl value="StructureDefinition-CreateDate.html"/><name value="StructureDefinition-CreateDate.html"/><title value="CreateDate"/><generation value="generated"/></page><page><sourceUrl value="StructureDefinition-ObservationSource.html"/><name value="StructureDefinition-ObservationSource.html"/><title value="ObservationSource"/><generation value="generated"/></page><page><sourceUrl value="ValueSet-App1ObsCodeVS.html"/><name value="ValueSet-App1ObsCodeVS.html"/><title value="App1ObsCodeVS"/><generation value="generated"/></page><page><sourceUrl value="ValueSet-App2ObsCatVS.html"/><name value="ValueSet-App2ObsCatVS.html"/><title value="App2ObsCatVS"/><generation value="generated"/></page><page><sourceUrl value="ValueSet-App2ObsCodeVS.html"/><name value="ValueSet-App2ObsCodeVS.html"/><title value="App2ObsCodeVS"/><generation value="generated"/></page><page><sourceUrl value="ValueSet-ObservationIdVS.html"/><name value="ValueSet-ObservationIdVS.html"/><title value="ObservationIdVS"/><generation value="generated"/></page><page><sourceUrl value="ValueSet-PatientIdVS.html"/><name value="ValueSet-PatientIdVS.html"/><title value="PatientIdVS"/><generation value="generated"/></page><page><sourceUrl value="CodeSystem-LGIdTypeCS.html"/><name value="CodeSystem-LGIdTypeCS.html"/><title value="LG Identifier Type code system"/><generation value="generated"/></page><page><sourceUrl value="CodeSystem-LLIdTypeCS.html"/><name value="CodeSystem-LLIdTypeCS.html"/><title value="LL Identifier Type code system"/><generation value="generated"/></page><page><sourceUrl value="CodeSystem-RxVXIdTypeCS.html"/><name value="CodeSystem-RxVXIdTypeCS.html"/><title value="RxVX Identifier Type code system"/><generation value="generated"/></page><page><sourceUrl value="NamingSystem-HHIdNS.html"/><name value="NamingSystem-HHIdNS.html"/><title value="HHIdNS"/><generation value="generated"/></page><page><sourceUrl value="Observation-App1ObservationExample.html"/><name value="Observation-App1ObservationExample.html"/><title value="App1ObservationExample"/><generation value="generated"/></page><page><sourceUrl value="Patient-App1PatientExample.html"/><name value="Patient-App1PatientExample.html"/><title value="App1PatientExample"/><generation value="generated"/></page><page><sourceUrl value="Observation-App2ObservationExample.html"/><name value="Observation-App2ObservationExample.html"/><title value="App2ObservationExample"/><generation value="generated"/></page><page><sourceUrl value="Patient-App2PatientExample.html"/><name value="Patient-App2PatientExample.html"/><title value="App2PatientExample"/><generation value="generated"/></page></page></page><parameter><code><system value="http://hl7.org/fhir/tools/CodeSystem/ig-parameters"/><code value="copyrightyear"/></code><value value="2025+"/></parameter><parameter><code><system value="http://hl7.org/fhir/tools/CodeSystem/ig-parameters"/><code value="releaselabel"/></code><value value="ci-build"/></parameter><parameter><code><system value="http://hl7.org/fhir/tools/CodeSystem/ig-parameters"/><code value="autoload-resources"/></code><value value="true"/></parameter><parameter><code><system value="http://hl7.org/fhir/guide-parameter-code"/><code value="path-resource"/></code><value value="input/capabilities"/></parameter><parameter><code><system value="http://hl7.org/fhir/guide-parameter-code"/><code value="path-resource"/></code><value value="input/examples"/></parameter><parameter><code><system value="http://hl7.org/fhir/guide-parameter-code"/><code value="path-resource"/></code><value value="input/extensions"/></parameter><parameter><code><system value="http://hl7.org/fhir/guide-parameter-code"/><code value="path-resource"/></code><value value="input/models"/></parameter><parameter><code><system value="http://hl7.org/fhir/guide-parameter-code"/><code value="path-resource"/></code><value value="input/operations"/></parameter><parameter><code><system value="http://hl7.org/fhir/guide-parameter-code"/><code value="path-resource"/></code><value value="input/profiles"/></parameter><parameter><code><system value="http://hl7.org/fhir/guide-parameter-code"/><code value="path-resource"/></code><value value="input/resources"/></parameter><parameter><code><system value="http://hl7.org/fhir/guide-parameter-code"/><code value="path-resource"/></code><value value="input/vocabulary"/></parameter><parameter><code><system value="http://hl7.org/fhir/guide-parameter-code"/><code value="path-resource"/></code><value value="input/maps"/></parameter><parameter><code><system value="http://hl7.org/fhir/guide-parameter-code"/><code value="path-resource"/></code><value value="input/testing"/></parameter><parameter><code><system value="http://hl7.org/fhir/guide-parameter-code"/><code value="path-resource"/></code><value value="input/history"/></parameter><parameter><code><system value="http://hl7.org/fhir/guide-parameter-code"/><code value="path-resource"/></code><value value="fsh-generated/resources"/></parameter><parameter><code><system value="http://hl7.org/fhir/guide-parameter-code"/><code value="path-pages"/></code><value value="template/config"/></parameter><parameter><code><system value="http://hl7.org/fhir/guide-parameter-code"/><code value="path-pages"/></code><value value="input/images"/></parameter><parameter><code><system value="http://hl7.org/fhir/tools/CodeSystem/ig-parameters"/><code value="path-liquid"/></code><value value="template/liquid"/></parameter><parameter><code><system value="http://hl7.org/fhir/tools/CodeSystem/ig-parameters"/><code value="path-liquid"/></code><value value="input/liquid"/></parameter><parameter><code><system value="http://hl7.org/fhir/tools/CodeSystem/ig-parameters"/><code value="path-qa"/></code><value value="temp/qa"/></parameter><parameter><code><system value="http://hl7.org/fhir/tools/CodeSystem/ig-parameters"/><code value="path-temp"/></code><value value="temp/pages"/></parameter><parameter><code><system value="http://hl7.org/fhir/tools/CodeSystem/ig-parameters"/><code value="path-output"/></code><value value="output"/></parameter><parameter><code><system value="http://hl7.org/fhir/guide-parameter-code"/><code value="path-tx-cache"/></code><value value="input-cache/txcache"/></parameter><parameter><code><system value="http://hl7.org/fhir/tools/CodeSystem/ig-parameters"/><code value="path-suppressed-warnings"/></code><value value="input/ignoreWarnings.txt"/></parameter><parameter><code><system value="http://hl7.org/fhir/tools/CodeSystem/ig-parameters"/><code value="path-history"/></code><value value="http://example.ca/fhir/history.html"/></parameter><parameter><code><system value="http://hl7.org/fhir/tools/CodeSystem/ig-parameters"/><code value="template-html"/></code><value value="template-page.html"/></parameter><parameter><code><system value="http://hl7.org/fhir/tools/CodeSystem/ig-parameters"/><code value="template-md"/></code><value value="template-page-md.html"/></parameter><parameter><code><system value="http://hl7.org/fhir/tools/CodeSystem/ig-parameters"/><code value="apply-contact"/></code><value value="true"/></parameter><parameter><code><system value="http://hl7.org/fhir/tools/CodeSystem/ig-parameters"/><code value="apply-context"/></code><value value="true"/></parameter><parameter><code><system value="http://hl7.org/fhir/tools/CodeSystem/ig-parameters"/><code value="apply-copyright"/></code><value value="true"/></parameter><parameter><code><system value="http://hl7.org/fhir/tools/CodeSystem/ig-parameters"/><code value="apply-jurisdiction"/></code><value value="true"/></parameter><parameter><code><system value="http://hl7.org/fhir/tools/CodeSystem/ig-parameters"/><code value="apply-license"/></code><value value="true"/></parameter><parameter><code><system value="http://hl7.org/fhir/tools/CodeSystem/ig-parameters"/><code value="apply-publisher"/></code><value value="true"/></parameter><parameter><code><system value="http://hl7.org/fhir/tools/CodeSystem/ig-parameters"/><code value="apply-version"/></code><value value="true"/></parameter><parameter><code><system value="http://hl7.org/fhir/tools/CodeSystem/ig-parameters"/><code value="apply-wg"/></code><value value="true"/></parameter><parameter><code><system value="http://hl7.org/fhir/tools/CodeSystem/ig-parameters"/><code value="active-tables"/></code><value value="true"/></parameter><parameter><code><system value="http://hl7.org/fhir/tools/CodeSystem/ig-parameters"/><code value="fmm-definition"/></code><value value="http://hl7.org/fhir/versions.html#maturity"/></parameter><parameter><code><system value="http://hl7.org/fhir/tools/CodeSystem/ig-parameters"/><code value="propagate-status"/></code><value value="true"/></parameter><parameter><code><system value="http://hl7.org/fhir/tools/CodeSystem/ig-parameters"/><code value="excludelogbinaryformat"/></code><value value="true"/></parameter><parameter><code><system value="http://hl7.org/fhir/tools/CodeSystem/ig-parameters"/><code value="tabbed-snapshots"/></code><value value="true"/></parameter><parameter><code><system value="http://hl7.org/fhir/tools/CodeSystem/ig-parameters"/><code value="special-url"/></code><value value="https://example.ca/fhir/CodeSystem/identifier-type"/></parameter><parameter><code><system value="http://hl7.org/fhir/tools/CodeSystem/ig-parameters"/><code value="special-url"/></code><value value="https://lg.com/fhir/CodeSystem/identifier-type"/></parameter><parameter><code><system value="http://hl7.org/fhir/tools/CodeSystem/ig-parameters"/><code value="special-url"/></code><value value="https://rxvx.ca/fhir/CodeSystem/identifier-type"/></parameter><parameter><code><system value="http://hl7.org/fhir/tools/CodeSystem/ig-parameters"/><code value="special-url"/></code><value value="https://example.ca/fhir/extensions/global/createDate"/></parameter><parameter><code><system value="http://hl7.org/fhir/tools/CodeSystem/ig-parameters"/><code value="special-url"/></code><value value="https://example.ca/fhir/SearchParameter/updatedate"/></parameter><parameter><code><system value="http://hl7.org/fhir/tools/CodeSystem/ig-parameters"/><code value="special-url"/></code><value value="https://example.ca/fhir/CodeSystem/identifier-type"/></parameter><parameter><code><system value="http://hl7.org/fhir/tools/CodeSystem/ig-parameters"/><code value="special-url"/></code><value value="https://lg.com/fhir/CodeSystem/identifier-type"/></parameter><parameter><code><system value="http://hl7.org/fhir/tools/CodeSystem/ig-parameters"/><code value="special-url"/></code><value value="https://rxvx.ca/fhir/CodeSystem/identifier-type"/></parameter><parameter><code><system value="http://hl7.org/fhir/tools/CodeSystem/ig-parameters"/><code value="special-url"/></code><value value="https://example.ca/fhir/extensions/global/createDate"/></parameter><parameter><code><system value="http://hl7.org/fhir/tools/CodeSystem/ig-parameters"/><code value="special-url"/></code><value value="https://example.ca/fhir/SearchParameter/updatedate"/></parameter></definition></ImplementationGuide>