<?xml version="1.0" encoding="UTF-8"?><SearchParameter xmlns="http://hl7.org/fhir"><id value="UpdateDateSP"/><text><status value="generated"/><div xmlns="http://www.w3.org/1999/xhtml"><p class="res-header-id"><b>Generated Narrative: SearchParameter UpdateDateSP</b></p><a name="UpdateDateSP"> </a><a name="hcUpdateDateSP"> </a><h2>UpdateDate</h2><p>Parameter <code>updatedate</code>:<code>date</code></p><div><p>Enabling search parameter to search updateDate extension that is used to capture client-side update timestamp.</p>
</div><table class="grid"><tr><td>Resources</td><td><a href="http://hl7.org/fhir/R5/encounter.html">Encounter</a>, <a href="http://hl7.org/fhir/R5/episodeofcare.html">EpisodeOfCare</a></td></tr><tr><td>Expression</td><td><code>Encounter.extension('https://example.ca/fhir/extensions/global/updateDate').value|EpisodeOfCare.extension('https://exampleca/fhir/extensions/global/updateDate').value</code></td></tr><tr><td>Processing Mode</td><td>Normal</td></tr><tr><td>Multiples</td><td><ul><li>multipleAnd: It's up to the server whether the parameter may repeat in order to specify multiple values that must all be true</li><li>multipleOr: It's up to the server whether the parameter can have multiple values (separated by comma) where at least one must be true</li></ul></td></tr></table></div></text><url value="https://example.ca/fhir/SearchParameter/updatedate"/><version value="0.1.0"/><name value="UpdateDate"/><status value="active"/><date value="2025-12-23T22:52:12+00:00"/><publisher value="Example Publisher"/><contact><name value="Example Publisher"/><telecom><system value="url"/><value value="http://example.org/example-publisher"/></telecom></contact><description value="Enabling search parameter to search updateDate extension that is used to capture client-side update timestamp."/><code value="updatedate"/><base value="Encounter"/><base value="EpisodeOfCare"/><type value="date"/><expression value="Encounter.extension('https://example.ca/fhir/extensions/global/updateDate').value|EpisodeOfCare.extension('https://exampleca/fhir/extensions/global/updateDate').value"/><processingMode value="normal"/></SearchParameter>