<?xml version="1.0" encoding="UTF-8"?><ValueSet xmlns="http://hl7.org/fhir"><id value="App2ObsCatVS"/><text><status value="generated"/><div xmlns="http://www.w3.org/1999/xhtml"><p class="res-header-id"><b>Generated Narrative: ValueSet App2ObsCatVS</b></p><a name="App2ObsCatVS"> </a><a name="hcApp2ObsCatVS"> </a><ul><li>Include these codes as defined in <a href="http://www.snomed.org/"><code>http://snomed.info/sct</code></a><span title="Version is not explicitly stated. No matching Code System found"> version Not Stated (use latest from terminology server)</span><table class="none"><tr><td style="white-space:nowrap"><b>Code</b></td><td><b>Display</b></td></tr><tr><td><a href="http://snomed.info/id/248254009">248254009</a></td><td style="color: #cccccc">Quality of sleep</td></tr><tr><td><a href="http://snomed.info/id/405052004">405052004</a></td><td style="color: #cccccc">Level of stress (observable entity)</td></tr></table></li></ul></div></text><url value="http://example.ca/fhir/ValueSet/App2ObsCatVS"/><version value="0.1.0"/><name value="App2ObsCatVS"/><status value="draft"/><date value="2025-12-23T18:03:14+00:00"/><publisher value="Example Publisher"/><contact><name value="Example Publisher"/><telecom><system value="url"/><value value="http://example.org/example-publisher"/></telecom></contact><description value="ValueSet of SDM App Observation categories"/><compose><include><system value="http://snomed.info/sct"/><concept><code value="248254009"/></concept><concept><code value="405052004"/></concept></include></compose></ValueSet>