<?xml version="1.0" encoding="UTF-8"?><ValueSet xmlns="http://hl7.org/fhir"><id value="ObservationIdVS"/><text><status value="extensions"/><div xmlns="http://www.w3.org/1999/xhtml"><p class="res-header-id"><b>Generated Narrative: ValueSet ObservationIdVS</b></p><a name="ObservationIdVS"> </a><a name="hcObservationIdVS"> </a><ul><li>Include these codes as defined in <a href="CodeSystem-LGIdTypeCS.html"><code>https://lg.com/fhir/CodeSystem/identifier-type</code></a><span title="Version is not explicitly stated, which means it is fixed to the version provided in this specification"> version 📦0.1.0</span><table class="none"><tr><td style="white-space:nowrap"><b>Code</b></td><td><b>Display</b></td><td><b>Definition</b></td></tr><tr><td><a href="CodeSystem-LGIdTypeCS.html#LGIdTypeCS-metric-id">metric-id</a></td><td>Self Reported Metric ID</td><td>LG assigned identifier for a self reported metric record</td></tr></table></li></ul></div></text><url value="http://example.ca/fhir/ValueSet/ObservationIdVS"/><version value="0.1.0"/><name value="ObservationIdVS"/><status value="draft"/><date value="2025-12-23T19:40:40+00:00"/><publisher value="Example Publisher"/><contact><name value="Example Publisher"/><telecom><system value="url"/><value value="http://example.org/example-publisher"/></telecom></contact><description value="ValueSet of Observation identifier types"/><compose><include><system value="https://lg.com/fhir/CodeSystem/identifier-type"/><concept><code value="metric-id"/><display value="Self Reported Metric ID"/></concept></include></compose></ValueSet>