<?xml version="1.0" encoding="UTF-8"?><ValueSet xmlns="http://hl7.org/fhir"><id value="PatientIdVS"/><text><status value="extensions"/><div xmlns="http://www.w3.org/1999/xhtml"><p class="res-header-id"><b>Generated Narrative: ValueSet PatientIdVS</b></p><a name="PatientIdVS"> </a><a name="hcPatientIdVS"> </a><ul><li>Include these codes as defined in <a href="CodeSystem-LLIdTypeCS.html"><code>https://example.ca/fhir/CodeSystem/identifier-type</code></a><span title="Version is not explicitly stated, which means it is fixed to the version provided in this specification"> version 📦0.1.0</span><table class="none"><tr><td style="white-space:nowrap"><b>Code</b></td><td><b>Display</b></td><td><b>Definition</b></td></tr><tr><td><a href="CodeSystem-LLIdTypeCS.html#LLIdTypeCS-pa_id">pa_id</a></td><td>HH Patient</td><td>HH Patient ID</td></tr><tr><td><a href="CodeSystem-LLIdTypeCS.html#LLIdTypeCS-peid">peid</a></td><td>PEid</td><td>PEid used in creation of digital customer profiles</td></tr></table></li></ul></div></text><url value="http://example.ca/fhir/ValueSet/PatientIdVS"/><version value="0.1.0"/><name value="PatientIdVS"/><status value="draft"/><date value="2025-12-23T19:22:15+00:00"/><publisher value="Example Publisher"/><contact><name value="Example Publisher"/><telecom><system value="url"/><value value="http://example.org/example-publisher"/></telecom></contact><description value="ValueSet of Patient identifier types"/><compose><include><system value="https://example.ca/fhir/CodeSystem/identifier-type"/><concept><code value="pa_id"/><display value="HH Patient"/></concept><concept><code value="peid"/><display value="PEid"/></concept></include></compose></ValueSet>