<?xml version="1.0" encoding="UTF-8"?><ValueSet xmlns="http://hl7.org/fhir"><id value="App1ObsCodeVS"/><text><status value="generated"/><div xmlns="http://www.w3.org/1999/xhtml"><p class="res-header-id"><b>Generated Narrative: ValueSet App1ObsCodeVS</b></p><a name="App1ObsCodeVS"> </a><a name="hcApp1ObsCodeVS"> </a><ul><li>Include these codes as defined in <a href="http://www.snomed.org/"><code>http://snomed.info/sct</code></a><span title="Version is not explicitly stated. No matching Code System found"> version Not Stated (use latest from terminology server)</span><table class="none"><tr><td style="white-space:nowrap"><b>Code</b></td><td><b>Display</b></td></tr><tr><td><a href="http://snomed.info/id/27113001">27113001</a></td><td>Body weight</td></tr><tr><td><a href="http://snomed.info/id/1153637007">1153637007</a></td><td>Body height</td></tr><tr><td><a href="http://snomed.info/id/276361009">276361009</a></td><td>Waist circumference</td></tr></table></li></ul></div></text><url value="http://example.ca/fhir/ValueSet/App1ObsCodeVS"/><version value="0.1.0"/><name value="App1ObsCodeVS"/><status value="draft"/><date value="2025-12-24T16:39:37+00:00"/><publisher value="Example Publisher"/><contact><name value="Example Publisher"/><telecom><system value="url"/><value value="http://example.org/example-publisher"/></telecom></contact><description value="ValueSet of RXVX Observation codes"/><compose><include><system value="http://snomed.info/sct"/><concept><code value="27113001"/><display value="Body weight"/></concept><concept><code value="1153637007"/><display value="Body height"/></concept><concept><code value="276361009"/><display value="Waist circumference"/></concept></include></compose></ValueSet>