[
  {
    "id" : "fhir.ig.demo",
    "type" : "ImplementationGuide",
    "url" : "http://example.ca/fhir/ImplementationGuide/fhir.ig.demo",
    "version" : "0.1.0",
    "name" : "LLDemoIG"
  },
  {
    "id" : "HHIdNS",
    "type" : "NamingSystem",
    "url" : "http://example.ca/fhir/NamingSystem/HHIdNS",
    "version" : "0.1.0",
    "name" : "HH Identifier System"
  },
  {
    "id" : "App1Observation",
    "type" : "StructureDefinition",
    "url" : "http://example.ca/fhir/StructureDefinition/App1Observation",
    "version" : "0.1.0",
    "name" : "App1Observation"
  },
  {
    "id" : "App1Patient",
    "type" : "StructureDefinition",
    "url" : "http://example.ca/fhir/StructureDefinition/App1Patient",
    "version" : "0.1.0",
    "name" : "App1Patient"
  },
  {
    "id" : "App2Observation",
    "type" : "StructureDefinition",
    "url" : "http://example.ca/fhir/StructureDefinition/App2Observation",
    "version" : "0.1.0",
    "name" : "App2Observation"
  },
  {
    "id" : "App2Patient",
    "type" : "StructureDefinition",
    "url" : "http://example.ca/fhir/StructureDefinition/App2Patient",
    "version" : "0.1.0",
    "name" : "App2Patient"
  },
  {
    "id" : "CoreObservation",
    "type" : "StructureDefinition",
    "url" : "http://example.ca/fhir/StructureDefinition/CoreObservation",
    "version" : "0.1.0",
    "name" : "CoreObservation"
  },
  {
    "id" : "CorePatient",
    "type" : "StructureDefinition",
    "url" : "http://example.ca/fhir/StructureDefinition/CorePatient",
    "version" : "0.1.0",
    "name" : "CorePatient"
  },
  {
    "id" : "ObservationSource",
    "type" : "StructureDefinition",
    "url" : "http://example.ca/fhir/StructureDefinition/ObservationSource",
    "version" : "0.1.0",
    "name" : "ObservationSource"
  },
  {
    "id" : "App1ObsCodeVS",
    "type" : "ValueSet",
    "url" : "http://example.ca/fhir/ValueSet/App1ObsCodeVS",
    "version" : "0.1.0",
    "name" : "App1ObsCodeVS"
  },
  {
    "id" : "App2ObsCatVS",
    "type" : "ValueSet",
    "url" : "http://example.ca/fhir/ValueSet/App2ObsCatVS",
    "version" : "0.1.0",
    "name" : "App2ObsCatVS"
  },
  {
    "id" : "App2ObsCodeVS",
    "type" : "ValueSet",
    "url" : "http://example.ca/fhir/ValueSet/App2ObsCodeVS",
    "version" : "0.1.0",
    "name" : "App2ObsCodeVS"
  },
  {
    "id" : "ObservationIdVS",
    "type" : "ValueSet",
    "url" : "http://example.ca/fhir/ValueSet/ObservationIdVS",
    "version" : "0.1.0",
    "name" : "ObservationIdVS"
  },
  {
    "id" : "PatientIdVS",
    "type" : "ValueSet",
    "url" : "http://example.ca/fhir/ValueSet/PatientIdVS",
    "version" : "0.1.0",
    "name" : "PatientIdVS"
  },
  {
    "id" : "LLIdTypeCS",
    "type" : "CodeSystem",
    "url" : "https://example.ca/fhir/CodeSystem/identifier-type",
    "version" : "0.1.0",
    "name" : "LLIdTypeCS"
  },
  {
    "id" : "UpdateDateSP",
    "type" : "SearchParameter",
    "url" : "https://example.ca/fhir/SearchParameter/updatedate",
    "version" : "0.1.0",
    "name" : "UpdateDate"
  },
  {
    "id" : "CreateDate",
    "type" : "StructureDefinition",
    "url" : "https://example.ca/fhir/extensions/global/createDate",
    "version" : "0.1.0",
    "name" : "CreateDate"
  },
  {
    "id" : "LGIdTypeCS",
    "type" : "CodeSystem",
    "url" : "https://lg.com/fhir/CodeSystem/identifier-type",
    "version" : "0.1.0",
    "name" : "LGIdTypeCS"
  },
  {
    "id" : "RxVXIdTypeCS",
    "type" : "CodeSystem",
    "url" : "https://rxvx.ca/fhir/CodeSystem/identifier-type",
    "version" : "0.1.0",
    "name" : "RxVXIdTypeCS"
  }
]
