{
  "resourceType" : "CodeSystem",
  "id" : "LGIdTypeCS",
  "text" : {
    "status" : "generated",
    "div" : "<div xmlns=\"http://www.w3.org/1999/xhtml\"><p class=\"res-header-id\"><b>Generated Narrative: CodeSystem LGIdTypeCS</b></p><a name=\"LGIdTypeCS\"> </a><a name=\"hcLGIdTypeCS\"> </a><p>This  code system <code>https://lg.com/fhir/CodeSystem/identifier-type</code> defines the following codes:</p><table class=\"codes\"><tr><td style=\"white-space:nowrap\"><b>Code</b></td><td><b>Display</b></td><td><b>Definition</b></td></tr><tr><td style=\"white-space:nowrap\">goal-id<a name=\"LGIdTypeCS-goal-id\"> </a></td><td>Goal ID</td><td>LG assigned identifier for a health goal record</td></tr><tr><td style=\"white-space:nowrap\">metric-id<a name=\"LGIdTypeCS-metric-id\"> </a></td><td>Self Reported Metric ID</td><td>LG assigned identifier for a self reported metric record</td></tr></table></div>"
  },
  "url" : "https://lg.com/fhir/CodeSystem/identifier-type",
  "version" : "0.1.0",
  "name" : "LGIdTypeCS",
  "title" : "LG Identifier Type code system",
  "status" : "draft",
  "date" : "2026-01-06T16:33:10+00:00",
  "publisher" : "Example Publisher",
  "contact" : [{
    "name" : "Example Publisher",
    "telecom" : [{
      "system" : "url",
      "value" : "http://example.org/example-publisher"
    }]
  }],
  "description" : "Custom code system to define LG identifier types",
  "content" : "complete",
  "count" : 2,
  "concept" : [{
    "code" : "goal-id",
    "display" : "Goal ID",
    "definition" : "LG assigned identifier for a health goal record"
  },
  {
    "code" : "metric-id",
    "display" : "Self Reported Metric ID",
    "definition" : "LG assigned identifier for a self reported metric record"
  }]
}