<?xml version="1.0" encoding="UTF-8"?>

<CodeSystem xmlns="http://hl7.org/fhir">
  <id value="LGIdTypeCS"/>
  <text>
    <status value="generated"/><div xmlns="http://www.w3.org/1999/xhtml"><p class="res-header-id"><b>Generated Narrative: CodeSystem LGIdTypeCS</b></p><a name="LGIdTypeCS"> </a><a name="hcLGIdTypeCS"> </a><p>This  code system <code>https://lg.com/fhir/CodeSystem/identifier-type</code> defines the following codes:</p><table class="codes"><tr><td style="white-space:nowrap"><b>Code</b></td><td><b>Display</b></td><td><b>Definition</b></td></tr><tr><td style="white-space:nowrap">goal-id<a name="LGIdTypeCS-goal-id"> </a></td><td>Goal ID</td><td>LG assigned identifier for a health goal record</td></tr><tr><td style="white-space:nowrap">metric-id<a name="LGIdTypeCS-metric-id"> </a></td><td>Self Reported Metric ID</td><td>LG assigned identifier for a self reported metric record</td></tr></table></div>
  </text>
  <url value="https://lg.com/fhir/CodeSystem/identifier-type"/>
  <version value="0.1.0"/>
  <name value="LGIdTypeCS"/>
  <title value="LG Identifier Type code system"/>
  <status value="draft"/>
  <date value="2026-01-06T14:49:39+00:00"/>
  <publisher value="Example Publisher"/>
  <contact>
    <name value="Example Publisher"/>
    <telecom>
      <system value="url"/>
      <value value="http://example.org/example-publisher"/>
    </telecom>
  </contact>
  <description value="Custom code system to define LG identifier types"/>
  <content value="complete"/>
  <count value="2"/>
  <concept>
    <code value="goal-id"/>
    <display value="Goal ID"/>
    <definition value="LG assigned identifier for a health goal record"/>
  </concept>
  <concept>
    <code value="metric-id"/>
    <display value="Self Reported Metric ID"/>
    <definition value="LG assigned identifier for a self reported metric record"/>
  </concept>
</CodeSystem>