{
  "resourceType" : "CodeSystem",
  "id" : "LLIdTypeCS",
  "text" : {
    "status" : "generated",
    "div" : "<div xmlns=\"http://www.w3.org/1999/xhtml\"><p class=\"res-header-id\"><b>Generated Narrative: CodeSystem LLIdTypeCS</b></p><a name=\"LLIdTypeCS\"> </a><a name=\"hcLLIdTypeCS\"> </a><p>This  code system <code>https://example.ca/fhir/CodeSystem/identifier-type</code> defines the following codes:</p><table class=\"codes\"><tr><td style=\"white-space:nowrap\"><b>Code</b></td><td><b>Display</b></td><td><b>Definition</b></td></tr><tr><td style=\"white-space:nowrap\">hh_iss<a name=\"LLIdTypeCS-hh_iss\"> </a></td><td>HH ISS</td><td>ISS# for the HH instance</td></tr><tr><td style=\"white-space:nowrap\">pa_id<a name=\"LLIdTypeCS-pa_id\"> </a></td><td>HH Patient</td><td>HH Patient ID</td></tr><tr><td style=\"white-space:nowrap\">peid<a name=\"LLIdTypeCS-peid\"> </a></td><td>PEid</td><td>PEid used in creation of digital customer profiles</td></tr></table></div>"
  },
  "url" : "https://example.ca/fhir/CodeSystem/identifier-type",
  "version" : "0.1.0",
  "name" : "LLIdTypeCS",
  "title" : "LL Identifier Type code system",
  "status" : "draft",
  "date" : "2026-01-06T14:47:27+00:00",
  "publisher" : "Example Publisher",
  "contact" : [{
    "name" : "Example Publisher",
    "telecom" : [{
      "system" : "url",
      "value" : "http://example.org/example-publisher"
    }]
  }],
  "description" : "Custom code system to define LL identifier types",
  "content" : "complete",
  "count" : 3,
  "concept" : [{
    "code" : "hh_iss",
    "display" : "HH ISS",
    "definition" : "ISS# for the HH instance"
  },
  {
    "code" : "pa_id",
    "display" : "HH Patient",
    "definition" : "HH Patient ID"
  },
  {
    "code" : "peid",
    "display" : "PEid",
    "definition" : "PEid used in creation of digital customer profiles"
  }]
}