<?xml version="1.0" encoding="UTF-8"?>

<CodeSystem xmlns="http://hl7.org/fhir">
  <id value="RxVXIdTypeCS"/>
  <text>
    <status value="generated"/><div xmlns="http://www.w3.org/1999/xhtml"><p class="res-header-id"><b>Generated Narrative: CodeSystem RxVXIdTypeCS</b></p><a name="RxVXIdTypeCS"> </a><a name="hcRxVXIdTypeCS"> </a><p>This  code system <code>https://rxvx.ca/fhir/CodeSystem/identifier-type</code> defines the following codes:</p><table class="codes"><tr><td style="white-space:nowrap"><b>Code</b></td><td><b>Display</b></td><td><b>Definition</b></td></tr><tr><td style="white-space:nowrap">careplan_id<a name="RxVXIdTypeCS-careplan_id"> </a></td><td>CarePlan ID</td><td>CarePlan ID for RxVX</td></tr><tr><td style="white-space:nowrap">careplan_activity_id<a name="RxVXIdTypeCS-careplan_activity_id"> </a></td><td>CarePlan Activity ID</td><td>CarePlan Activity ID for RxVX</td></tr></table></div>
  </text>
  <url value="https://rxvx.ca/fhir/CodeSystem/identifier-type"/>
  <version value="0.1.0"/>
  <name value="RxVXIdTypeCS"/>
  <title value="RxVX Identifier Type code system"/>
  <status value="draft"/>
  <date value="2025-12-23T18:03:14+00:00"/>
  <publisher value="Example Publisher"/>
  <contact>
    <name value="Example Publisher"/>
    <telecom>
      <system value="url"/>
      <value value="http://example.org/example-publisher"/>
    </telecom>
  </contact>
  <description value="Custom code system to define RxVX identifier types"/>
  <content value="complete"/>
  <count value="2"/>
  <concept>
    <code value="careplan_id"/>
    <display value="CarePlan ID"/>
    <definition value="CarePlan ID for RxVX"/>
  </concept>
  <concept>
    <code value="careplan_activity_id"/>
    <display value="CarePlan Activity ID"/>
    <definition value="CarePlan Activity ID for RxVX"/>
  </concept>
</CodeSystem>