{
  "codeSystems" : [
    {
      "url" : "http://terminology.hl7.org/CodeSystem/observation-category",
      "version" : "2.0.0",
      "status" : "active",
      "name" : "ObservationCategoryCodes",
      "title" : "Observation Category Codes",
      "description" : "Observation Category codes.",
      "oids" : ["2.16.840.1.113883.4.642.1.1125"],
      "uses" : {
      },
      "http://terminology.hl7.org/7.0.1/ValueSet-observation-category.html" : "Observation Category Codes"
    },
    {
      "url" : "https://example.ca/fhir/CodeSystem/identifier-type",
      "version" : "0.1.0",
      "status" : "draft",
      "name" : "LLIdTypeCS",
      "title" : "LL Identifier Type code system",
      "description" : "Custom code system to define LL identifier types",
      "uses" : {
      },
      "ValueSet-PatientIdVS.html" : "PatientIdVS"
    },
    {
      "url" : "https://lg.com/fhir/CodeSystem/identifier-type",
      "version" : "0.1.0",
      "status" : "draft",
      "name" : "LGIdTypeCS",
      "title" : "LG Identifier Type code system",
      "description" : "Custom code system to define LG identifier types",
      "uses" : {
      },
      "ValueSet-ObservationIdVS.html" : "ObservationIdVS"
    }
  ]
}
