<?xml version="1.0" encoding="UTF-8"?>

<Bundle xmlns="http://hl7.org/fhir">
  <id value="1c14a8f4-aac9-4eb1-b43d-b9d5f8909cca"/>
  <meta>
    <lastUpdated value="2025-12-23T18:12:59.668+00:00"/>
  </meta>
  <type value="collection"/>
  <entry>
    <fullUrl value="http://example.ca/fhir/ValueSet/App1ObsCodeVS"/>
    <resource>
      <ValueSet>
        <text>
          <status value="generated"/>
          <div xmlns="http://www.w3.org/1999/xhtml" data-fhir="generated">
            <p class="res-header-id"/>
            <p style="border: black 1px dotted; background-color: #EEEEEE; padding: 8px; margin-bottom: 8px">Expansion from tx.fhir.org based on SNOMED CT International edition 01-Feb 2025
              <span class="copy-text-inline">
                <button data-clipboard-text="http://snomed.info/sct|http://snomed.info/sct/900000000000207008/version/20250201" title="Click to Copy URL" class="btn-copy"> </button>
              </span>
            </p>
            <p>This value set contains 3 concepts</p>
            <table class="codes" data-fhir="generated">
              <tr>
                <td>
                  <b>System</b>
                </td>
                <td style="white-space:nowrap">
                  <b>Code</b>
                </td>
                <td>
                  <b>Display (en)</b>
                </td>
                <td>
                  <b>JSON</b>
                </td>
                <td>
                  <b>XML</b>
                </td>
              </tr>
              <tr>
                <td>
                  <a name="x-http://snomed.info/sct-27113001"> </a>
                  <code>http://snomed.info/sct</code>
                </td>
                <td style="white-space:nowrap">  
                  <a href="http://snomed.info/id/27113001">27113001</a>
                </td>
                <td>Body weight</td>
                <td>
                  <span class="copy-text-inline">
                    <button data-clipboard-text="{&quot;system&quot;: &quot;http://snomed.info/sct&quot;, &quot;version&quot;: &quot;http://snomed.info/sct/900000000000207008/version/20250201&quot;, &quot;code&quot;: &quot;27113001&quot;, &quot;display&quot;: &quot;Body weight&quot;}" title="Click to Copy as Coding" class="btn-copy"> </button>
                  </span>
                </td>
                <td>
                  <span class="copy-text-inline">
                    <button data-clipboard-text="&lt;coding&gt;&lt;system value=&quot;http://snomed.info/sct&quot;&gt;&lt;version value=&quot;http://snomed.info/sct/900000000000207008/version/20250201&quot;&gt;&lt;code value=&quot;27113001&quot;&gt;&lt;display value=&quot;Body weight&quot;&gt;&lt;/coding&gt;" title="Click to Copy as Coding" class="btn-copy"> </button>
                  </span>
                </td>
              </tr>
              <tr>
                <td>
                  <a name="x-http://snomed.info/sct-1153637007"> </a>
                  <code>http://snomed.info/sct</code>
                </td>
                <td style="white-space:nowrap">  
                  <a href="http://snomed.info/id/1153637007">1153637007</a>
                </td>
                <td>Body height (observable entity)</td>
                <td>
                  <span class="copy-text-inline">
                    <button data-clipboard-text="{&quot;system&quot;: &quot;http://snomed.info/sct&quot;, &quot;version&quot;: &quot;http://snomed.info/sct/900000000000207008/version/20250201&quot;, &quot;code&quot;: &quot;1153637007&quot;, &quot;display&quot;: &quot;Body height (observable entity)&quot;}" title="Click to Copy as Coding" class="btn-copy"> </button>
                  </span>
                </td>
                <td>
                  <span class="copy-text-inline">
                    <button data-clipboard-text="&lt;coding&gt;&lt;system value=&quot;http://snomed.info/sct&quot;&gt;&lt;version value=&quot;http://snomed.info/sct/900000000000207008/version/20250201&quot;&gt;&lt;code value=&quot;1153637007&quot;&gt;&lt;display value=&quot;Body height (observable entity)&quot;&gt;&lt;/coding&gt;" title="Click to Copy as Coding" class="btn-copy"> </button>
                  </span>
                </td>
              </tr>
              <tr>
                <td>
                  <a name="x-http://snomed.info/sct-276361009"> </a>
                  <code>http://snomed.info/sct</code>
                </td>
                <td style="white-space:nowrap">  
                  <a href="http://snomed.info/id/276361009">276361009</a>
                </td>
                <td>Waist circumference</td>
                <td>
                  <span class="copy-text-inline">
                    <button data-clipboard-text="{&quot;system&quot;: &quot;http://snomed.info/sct&quot;, &quot;version&quot;: &quot;http://snomed.info/sct/900000000000207008/version/20250201&quot;, &quot;code&quot;: &quot;276361009&quot;, &quot;display&quot;: &quot;Waist circumference&quot;}" title="Click to Copy as Coding" class="btn-copy"> </button>
                  </span>
                </td>
                <td>
                  <span class="copy-text-inline">
                    <button data-clipboard-text="&lt;coding&gt;&lt;system value=&quot;http://snomed.info/sct&quot;&gt;&lt;version value=&quot;http://snomed.info/sct/900000000000207008/version/20250201&quot;&gt;&lt;code value=&quot;276361009&quot;&gt;&lt;display value=&quot;Waist circumference&quot;&gt;&lt;/coding&gt;" title="Click to Copy as Coding" class="btn-copy"> </button>
                  </span>
                </td>
              </tr>
            </table>
          </div>
        </text>
        <url value="http://example.ca/fhir/ValueSet/App1ObsCodeVS"/>
        <version value="0.1.0"/>
        <name value="App1ObsCodeVS"/>
        <status value="draft"/>
        <date value="2025-12-23T18:12:59+00:00"/>
        <expansion>
          <identifier value="urn:uuid:8df333fe-b7ba-42b2-b7a4-ed43dac80f1e"/>
          <timestamp value="2025-12-23T18:13:38+00:00"/>
          <total value="3"/>
          <offset value="0"/>
          <parameter>
            <name value="displayLanguage"/>
            <valueCode value="en"/>
          </parameter>
          <parameter>
            <name value="count"/>
            <valueInteger value="1000"/>
          </parameter>
          <parameter>
            <name value="offset"/>
            <valueInteger value="0"/>
          </parameter>
          <parameter>
            <name value="excludeNested"/>
            <valueBoolean value="false"/>
          </parameter>
          <parameter>
            <name value="used-valueset"/>
            <valueUri value="null"/>
          </parameter>
          <parameter>
            <name value="used-codesystem"/>
            <valueUri value="http://snomed.info/sct|http://snomed.info/sct/900000000000207008/version/20250201"/>
          </parameter>
          <contains>
            <system value="http://snomed.info/sct"/>
            <code value="27113001"/>
            <display value="Body weight"/>
          </contains>
          <contains>
            <system value="http://snomed.info/sct"/>
            <code value="1153637007"/>
            <display value="Body height (observable entity)"/>
          </contains>
          <contains>
            <system value="http://snomed.info/sct"/>
            <code value="276361009"/>
            <display value="Waist circumference"/>
          </contains>
        </expansion>
      </ValueSet>
    </resource>
  </entry>
  <entry>
    <fullUrl value="http://example.ca/fhir/ValueSet/App2ObsCatVS"/>
    <resource>
      <ValueSet>
        <text>
          <status value="generated"/>
          <div xmlns="http://www.w3.org/1999/xhtml" data-fhir="generated">
            <p class="res-header-id"/>
            <p style="border: black 1px dotted; background-color: #EEEEEE; padding: 8px; margin-bottom: 8px">Expansion from tx.fhir.org based on SNOMED CT International edition 01-Feb 2025
              <span class="copy-text-inline">
                <button data-clipboard-text="http://snomed.info/sct|http://snomed.info/sct/900000000000207008/version/20250201" title="Click to Copy URL" class="btn-copy"> </button>
              </span>
            </p>
            <p>This value set contains 2 concepts</p>
            <table class="codes" data-fhir="generated">
              <tr>
                <td>
                  <b>System</b>
                </td>
                <td style="white-space:nowrap">
                  <b>Code</b>
                </td>
                <td>
                  <b>Display (en)</b>
                </td>
                <td>
                  <b>JSON</b>
                </td>
                <td>
                  <b>XML</b>
                </td>
              </tr>
              <tr>
                <td>
                  <a name="x-http://snomed.info/sct-248254009"> </a>
                  <code>http://snomed.info/sct</code>
                </td>
                <td style="white-space:nowrap">  
                  <a href="http://snomed.info/id/248254009">248254009</a>
                </td>
                <td>Quality of sleep</td>
                <td>
                  <span class="copy-text-inline">
                    <button data-clipboard-text="{&quot;system&quot;: &quot;http://snomed.info/sct&quot;, &quot;version&quot;: &quot;http://snomed.info/sct/900000000000207008/version/20250201&quot;, &quot;code&quot;: &quot;248254009&quot;, &quot;display&quot;: &quot;Quality of sleep&quot;}" title="Click to Copy as Coding" class="btn-copy"> </button>
                  </span>
                </td>
                <td>
                  <span class="copy-text-inline">
                    <button data-clipboard-text="&lt;coding&gt;&lt;system value=&quot;http://snomed.info/sct&quot;&gt;&lt;version value=&quot;http://snomed.info/sct/900000000000207008/version/20250201&quot;&gt;&lt;code value=&quot;248254009&quot;&gt;&lt;display value=&quot;Quality of sleep&quot;&gt;&lt;/coding&gt;" title="Click to Copy as Coding" class="btn-copy"> </button>
                  </span>
                </td>
              </tr>
              <tr>
                <td>
                  <a name="x-http://snomed.info/sct-405052004"> </a>
                  <code>http://snomed.info/sct</code>
                </td>
                <td style="white-space:nowrap">  
                  <a href="http://snomed.info/id/405052004">405052004</a>
                </td>
                <td>Level of stress (observable entity)</td>
                <td>
                  <span class="copy-text-inline">
                    <button data-clipboard-text="{&quot;system&quot;: &quot;http://snomed.info/sct&quot;, &quot;version&quot;: &quot;http://snomed.info/sct/900000000000207008/version/20250201&quot;, &quot;code&quot;: &quot;405052004&quot;, &quot;display&quot;: &quot;Level of stress (observable entity)&quot;}" title="Click to Copy as Coding" class="btn-copy"> </button>
                  </span>
                </td>
                <td>
                  <span class="copy-text-inline">
                    <button data-clipboard-text="&lt;coding&gt;&lt;system value=&quot;http://snomed.info/sct&quot;&gt;&lt;version value=&quot;http://snomed.info/sct/900000000000207008/version/20250201&quot;&gt;&lt;code value=&quot;405052004&quot;&gt;&lt;display value=&quot;Level of stress (observable entity)&quot;&gt;&lt;/coding&gt;" title="Click to Copy as Coding" class="btn-copy"> </button>
                  </span>
                </td>
              </tr>
            </table>
          </div>
        </text>
        <url value="http://example.ca/fhir/ValueSet/App2ObsCatVS"/>
        <version value="0.1.0"/>
        <name value="App2ObsCatVS"/>
        <status value="draft"/>
        <date value="2025-12-23T18:12:59+00:00"/>
        <expansion>
          <identifier value="urn:uuid:3a7ee370-8bf4-406e-82b5-78ae3dc96461"/>
          <timestamp value="2025-12-23T18:13:40+00:00"/>
          <total value="2"/>
          <offset value="0"/>
          <parameter>
            <name value="displayLanguage"/>
            <valueCode value="en"/>
          </parameter>
          <parameter>
            <name value="count"/>
            <valueInteger value="1000"/>
          </parameter>
          <parameter>
            <name value="offset"/>
            <valueInteger value="0"/>
          </parameter>
          <parameter>
            <name value="excludeNested"/>
            <valueBoolean value="false"/>
          </parameter>
          <parameter>
            <name value="used-valueset"/>
            <valueUri value="null"/>
          </parameter>
          <parameter>
            <name value="used-codesystem"/>
            <valueUri value="http://snomed.info/sct|http://snomed.info/sct/900000000000207008/version/20250201"/>
          </parameter>
          <contains>
            <system value="http://snomed.info/sct"/>
            <code value="248254009"/>
            <display value="Quality of sleep"/>
          </contains>
          <contains>
            <system value="http://snomed.info/sct"/>
            <code value="405052004"/>
            <display value="Level of stress (observable entity)"/>
          </contains>
        </expansion>
      </ValueSet>
    </resource>
  </entry>
  <entry>
    <fullUrl value="http://example.ca/fhir/ValueSet/App2ObsCodeVS"/>
    <resource>
      <ValueSet>
        <text>
          <status value="generated"/>
          <div xmlns="http://www.w3.org/1999/xhtml" data-fhir="generated">
            <p class="res-header-id"/>
            <p style="border: black 1px dotted; background-color: #EEEEEE; padding: 8px; margin-bottom: 8px">Expansion from tx.fhir.org based on SNOMED CT International edition 01-Feb 2025
              <span class="copy-text-inline">
                <button data-clipboard-text="http://snomed.info/sct|http://snomed.info/sct/900000000000207008/version/20250201" title="Click to Copy URL" class="btn-copy"> </button>
              </span>
            </p>
            <p>This value set contains 3 concepts</p>
            <table class="codes" data-fhir="generated">
              <tr>
                <td>
                  <b>System</b>
                </td>
                <td style="white-space:nowrap">
                  <b>Code</b>
                </td>
                <td>
                  <b>Display (en)</b>
                </td>
                <td>
                  <b>JSON</b>
                </td>
                <td>
                  <b>XML</b>
                </td>
              </tr>
              <tr>
                <td>
                  <a name="x-http://snomed.info/sct-405161002"> </a>
                  <code>http://snomed.info/sct</code>
                </td>
                <td style="white-space:nowrap">  
                  <a href="http://snomed.info/id/405161002">405161002</a>
                </td>
                <td>Pain level (observable entity)</td>
                <td>
                  <span class="copy-text-inline">
                    <button data-clipboard-text="{&quot;system&quot;: &quot;http://snomed.info/sct&quot;, &quot;version&quot;: &quot;http://snomed.info/sct/900000000000207008/version/20250201&quot;, &quot;code&quot;: &quot;405161002&quot;, &quot;display&quot;: &quot;Pain level (observable entity)&quot;}" title="Click to Copy as Coding" class="btn-copy"> </button>
                  </span>
                </td>
                <td>
                  <span class="copy-text-inline">
                    <button data-clipboard-text="&lt;coding&gt;&lt;system value=&quot;http://snomed.info/sct&quot;&gt;&lt;version value=&quot;http://snomed.info/sct/900000000000207008/version/20250201&quot;&gt;&lt;code value=&quot;405161002&quot;&gt;&lt;display value=&quot;Pain level (observable entity)&quot;&gt;&lt;/coding&gt;" title="Click to Copy as Coding" class="btn-copy"> </button>
                  </span>
                </td>
              </tr>
              <tr>
                <td>
                  <a name="x-http://snomed.info/sct-248263006"> </a>
                  <code>http://snomed.info/sct</code>
                </td>
                <td style="white-space:nowrap">  
                  <a href="http://snomed.info/id/248263006">248263006</a>
                </td>
                <td>Duration of sleep</td>
                <td>
                  <span class="copy-text-inline">
                    <button data-clipboard-text="{&quot;system&quot;: &quot;http://snomed.info/sct&quot;, &quot;version&quot;: &quot;http://snomed.info/sct/900000000000207008/version/20250201&quot;, &quot;code&quot;: &quot;248263006&quot;, &quot;display&quot;: &quot;Duration of sleep&quot;}" title="Click to Copy as Coding" class="btn-copy"> </button>
                  </span>
                </td>
                <td>
                  <span class="copy-text-inline">
                    <button data-clipboard-text="&lt;coding&gt;&lt;system value=&quot;http://snomed.info/sct&quot;&gt;&lt;version value=&quot;http://snomed.info/sct/900000000000207008/version/20250201&quot;&gt;&lt;code value=&quot;248263006&quot;&gt;&lt;display value=&quot;Duration of sleep&quot;&gt;&lt;/coding&gt;" title="Click to Copy as Coding" class="btn-copy"> </button>
                  </span>
                </td>
              </tr>
              <tr>
                <td>
                  <a name="x-http://snomed.info/sct-248254009"> </a>
                  <code>http://snomed.info/sct</code>
                </td>
                <td style="white-space:nowrap">  
                  <a href="http://snomed.info/id/248254009">248254009</a>
                </td>
                <td>Quality of sleep</td>
                <td>
                  <span class="copy-text-inline">
                    <button data-clipboard-text="{&quot;system&quot;: &quot;http://snomed.info/sct&quot;, &quot;version&quot;: &quot;http://snomed.info/sct/900000000000207008/version/20250201&quot;, &quot;code&quot;: &quot;248254009&quot;, &quot;display&quot;: &quot;Quality of sleep&quot;}" title="Click to Copy as Coding" class="btn-copy"> </button>
                  </span>
                </td>
                <td>
                  <span class="copy-text-inline">
                    <button data-clipboard-text="&lt;coding&gt;&lt;system value=&quot;http://snomed.info/sct&quot;&gt;&lt;version value=&quot;http://snomed.info/sct/900000000000207008/version/20250201&quot;&gt;&lt;code value=&quot;248254009&quot;&gt;&lt;display value=&quot;Quality of sleep&quot;&gt;&lt;/coding&gt;" title="Click to Copy as Coding" class="btn-copy"> </button>
                  </span>
                </td>
              </tr>
            </table>
          </div>
        </text>
        <url value="http://example.ca/fhir/ValueSet/App2ObsCodeVS"/>
        <version value="0.1.0"/>
        <name value="App2ObsCodeVS"/>
        <status value="draft"/>
        <date value="2025-12-23T18:12:59+00:00"/>
        <expansion>
          <identifier value="urn:uuid:71e69ccd-dfb5-45f1-a7c2-240aeb8d7983"/>
          <timestamp value="2025-12-23T18:13:40+00:00"/>
          <total value="3"/>
          <offset value="0"/>
          <parameter>
            <name value="displayLanguage"/>
            <valueCode value="en"/>
          </parameter>
          <parameter>
            <name value="count"/>
            <valueInteger value="1000"/>
          </parameter>
          <parameter>
            <name value="offset"/>
            <valueInteger value="0"/>
          </parameter>
          <parameter>
            <name value="excludeNested"/>
            <valueBoolean value="false"/>
          </parameter>
          <parameter>
            <name value="used-valueset"/>
            <valueUri value="null"/>
          </parameter>
          <parameter>
            <name value="used-codesystem"/>
            <valueUri value="http://snomed.info/sct|http://snomed.info/sct/900000000000207008/version/20250201"/>
          </parameter>
          <contains>
            <system value="http://snomed.info/sct"/>
            <code value="405161002"/>
            <display value="Pain level (observable entity)"/>
          </contains>
          <contains>
            <system value="http://snomed.info/sct"/>
            <code value="248263006"/>
            <display value="Duration of sleep"/>
          </contains>
          <contains>
            <system value="http://snomed.info/sct"/>
            <code value="248254009"/>
            <display value="Quality of sleep"/>
          </contains>
        </expansion>
      </ValueSet>
    </resource>
  </entry>
  <entry>
    <fullUrl value="http://example.ca/fhir/ValueSet/ObservationIdVS"/>
    <resource>
      <ValueSet>
        <text>
          <status value="generated"/>
          <div xmlns="http://www.w3.org/1999/xhtml" data-fhir="generated">
            <p class="res-header-id"/>
            <p style="border: black 1px dotted; background-color: #EEEEEE; padding: 8px; margin-bottom: 8px">Expansion performed internally based on 
              <a href="CodeSystem-LGIdTypeCS.html">codesystem LG Identifier Type code system v0.1.0 (CodeSystem)</a>
              <span class="copy-text-inline">
                <button data-clipboard-text="https://lg.com/fhir/CodeSystem/identifier-type|0.1.0" title="Click to Copy URL" class="btn-copy"> </button>
              </span>
            </p>
            <p>This value set contains 1 concepts</p>
            <table class="codes" data-fhir="generated">
              <tr>
                <td>
                  <b>System</b>
                </td>
                <td style="white-space:nowrap">
                  <b>Code</b>
                </td>
                <td>
                  <b>Display (en)</b>
                </td>
                <td>
                  <b>Definition</b>
                </td>
                <td>
                  <b>JSON</b>
                </td>
                <td>
                  <b>XML</b>
                </td>
              </tr>
              <tr>
                <td>
                  <a name="x-https://lg.com/fhir/CodeSystem/identifier-type-metric-id"> </a>
                  <code>https://lg.com/fhir/CodeSystem/identifier-type</code>
                </td>
                <td style="white-space:nowrap">  
                  <a href="CodeSystem-LGIdTypeCS.html#LGIdTypeCS-metric-id">metric-id</a>
                </td>
                <td>Self Reported Metric ID</td>
                <td>LG assigned identifier for a self reported metric record</td>
                <td>
                  <span class="copy-text-inline">
                    <button data-clipboard-text="{&quot;system&quot;: &quot;https://lg.com/fhir/CodeSystem/identifier-type&quot;, &quot;version&quot;: &quot;0.1.0&quot;, &quot;code&quot;: &quot;metric-id&quot;, &quot;display&quot;: &quot;Self Reported Metric ID&quot;}" title="Click to Copy as Coding" class="btn-copy"> </button>
                  </span>
                </td>
                <td>
                  <span class="copy-text-inline">
                    <button data-clipboard-text="&lt;coding&gt;&lt;system value=&quot;https://lg.com/fhir/CodeSystem/identifier-type&quot;&gt;&lt;version value=&quot;0.1.0&quot;&gt;&lt;code value=&quot;metric-id&quot;&gt;&lt;display value=&quot;Self Reported Metric ID&quot;&gt;&lt;/coding&gt;" title="Click to Copy as Coding" class="btn-copy"> </button>
                  </span>
                </td>
              </tr>
            </table>
          </div>
        </text>
        <url value="http://example.ca/fhir/ValueSet/ObservationIdVS"/>
        <version value="0.1.0"/>
        <name value="ObservationIdVS"/>
        <status value="draft"/>
        <date value="2025-12-23T18:12:59+00:00"/>
        <expansion>
          <identifier value="urn:uuid:4d73e5f1-e913-40a9-ac7c-a2df132d44a2"/>
          <timestamp value="2025-12-23T18:13:42+00:00"/>
          <total value="1"/>
          <offset value="0"/>
          <parameter>
            <name value="displayLanguage"/>
            <valueCode value="en"/>
          </parameter>
          <parameter>
            <name value="count"/>
            <valueInteger value="1000"/>
          </parameter>
          <parameter>
            <name value="offset"/>
            <valueInteger value="0"/>
          </parameter>
          <parameter>
            <name value="excludeNested"/>
            <valueBoolean value="false"/>
          </parameter>
          <parameter>
            <name value="used-codesystem"/>
            <valueUri value="https://lg.com/fhir/CodeSystem/identifier-type|0.1.0"/>
          </parameter>
          <contains>
            <system value="https://lg.com/fhir/CodeSystem/identifier-type"/>
            <code value="metric-id"/>
            <display value="Self Reported Metric ID"/>
          </contains>
        </expansion>
      </ValueSet>
    </resource>
  </entry>
  <entry>
    <fullUrl value="http://example.ca/fhir/ValueSet/PatientIdVS"/>
    <resource>
      <ValueSet>
        <text>
          <status value="generated"/>
          <div xmlns="http://www.w3.org/1999/xhtml" data-fhir="generated">
            <p class="res-header-id"/>
            <p style="border: black 1px dotted; background-color: #EEEEEE; padding: 8px; margin-bottom: 8px">Expansion performed internally based on 
              <a href="CodeSystem-LLIdTypeCS.html">codesystem LL Identifier Type code system v0.1.0 (CodeSystem)</a>
              <span class="copy-text-inline">
                <button data-clipboard-text="https://example.ca/fhir/CodeSystem/identifier-type|0.1.0" title="Click to Copy URL" class="btn-copy"> </button>
              </span>
            </p>
            <p>This value set contains 2 concepts</p>
            <table class="codes" data-fhir="generated">
              <tr>
                <td>
                  <b>System</b>
                </td>
                <td style="white-space:nowrap">
                  <b>Code</b>
                </td>
                <td>
                  <b>Display (en)</b>
                </td>
                <td>
                  <b>Definition</b>
                </td>
                <td>
                  <b>JSON</b>
                </td>
                <td>
                  <b>XML</b>
                </td>
              </tr>
              <tr>
                <td>
                  <a name="x-https://example.ca/fhir/CodeSystem/identifier-type-pa_id"> </a>
                  <code>https://example.ca/fhir/CodeSystem/identifier-type</code>
                </td>
                <td style="white-space:nowrap">  
                  <a href="CodeSystem-LLIdTypeCS.html#LLIdTypeCS-pa_id">pa_id</a>
                </td>
                <td>HH Patient</td>
                <td>HH Patient ID</td>
                <td>
                  <span class="copy-text-inline">
                    <button data-clipboard-text="{&quot;system&quot;: &quot;https://example.ca/fhir/CodeSystem/identifier-type&quot;, &quot;version&quot;: &quot;0.1.0&quot;, &quot;code&quot;: &quot;pa_id&quot;, &quot;display&quot;: &quot;HH Patient&quot;}" title="Click to Copy as Coding" class="btn-copy"> </button>
                  </span>
                </td>
                <td>
                  <span class="copy-text-inline">
                    <button data-clipboard-text="&lt;coding&gt;&lt;system value=&quot;https://example.ca/fhir/CodeSystem/identifier-type&quot;&gt;&lt;version value=&quot;0.1.0&quot;&gt;&lt;code value=&quot;pa_id&quot;&gt;&lt;display value=&quot;HH Patient&quot;&gt;&lt;/coding&gt;" title="Click to Copy as Coding" class="btn-copy"> </button>
                  </span>
                </td>
              </tr>
              <tr>
                <td>
                  <a name="x-https://example.ca/fhir/CodeSystem/identifier-type-peid"> </a>
                  <code>https://example.ca/fhir/CodeSystem/identifier-type</code>
                </td>
                <td style="white-space:nowrap">  
                  <a href="CodeSystem-LLIdTypeCS.html#LLIdTypeCS-peid">peid</a>
                </td>
                <td>PEid</td>
                <td>PEid used in creation of digital customer profiles</td>
                <td>
                  <span class="copy-text-inline">
                    <button data-clipboard-text="{&quot;system&quot;: &quot;https://example.ca/fhir/CodeSystem/identifier-type&quot;, &quot;version&quot;: &quot;0.1.0&quot;, &quot;code&quot;: &quot;peid&quot;, &quot;display&quot;: &quot;PEid&quot;}" title="Click to Copy as Coding" class="btn-copy"> </button>
                  </span>
                </td>
                <td>
                  <span class="copy-text-inline">
                    <button data-clipboard-text="&lt;coding&gt;&lt;system value=&quot;https://example.ca/fhir/CodeSystem/identifier-type&quot;&gt;&lt;version value=&quot;0.1.0&quot;&gt;&lt;code value=&quot;peid&quot;&gt;&lt;display value=&quot;PEid&quot;&gt;&lt;/coding&gt;" title="Click to Copy as Coding" class="btn-copy"> </button>
                  </span>
                </td>
              </tr>
            </table>
          </div>
        </text>
        <url value="http://example.ca/fhir/ValueSet/PatientIdVS"/>
        <version value="0.1.0"/>
        <name value="PatientIdVS"/>
        <status value="draft"/>
        <date value="2025-12-23T18:12:59+00:00"/>
        <expansion>
          <identifier value="urn:uuid:2db60303-a95a-402f-a549-5f47f3f336d8"/>
          <timestamp value="2025-12-23T18:13:42+00:00"/>
          <total value="2"/>
          <offset value="0"/>
          <parameter>
            <name value="displayLanguage"/>
            <valueCode value="en"/>
          </parameter>
          <parameter>
            <name value="count"/>
            <valueInteger value="1000"/>
          </parameter>
          <parameter>
            <name value="offset"/>
            <valueInteger value="0"/>
          </parameter>
          <parameter>
            <name value="excludeNested"/>
            <valueBoolean value="false"/>
          </parameter>
          <parameter>
            <name value="used-codesystem"/>
            <valueUri value="https://example.ca/fhir/CodeSystem/identifier-type|0.1.0"/>
          </parameter>
          <contains>
            <system value="https://example.ca/fhir/CodeSystem/identifier-type"/>
            <code value="pa_id"/>
            <display value="HH Patient"/>
          </contains>
          <contains>
            <system value="https://example.ca/fhir/CodeSystem/identifier-type"/>
            <code value="peid"/>
            <display value="PEid"/>
          </contains>
        </expansion>
      </ValueSet>
    </resource>
  </entry>
</Bundle>