{
  "resourceType" : "Observation",
  "id" : "App2ObservationExample",
  "meta" : {
    "source" : "https://example.ca/fhir/NamingSystem/digital-orchestrator",
    "profile" : ["http://example.ca/fhir/StructureDefinition/App2Observation"]
  },
  "text" : {
    "status" : "generated",
    "div" : "<div xmlns=\"http://www.w3.org/1999/xhtml\"><p class=\"res-header-id\"><b>Generated Narrative: Observation App2ObservationExample</b></p><a name=\"App2ObservationExample\"> </a><a name=\"hcApp2ObservationExample\"> </a><div style=\"display: inline-block; background-color: #d9e0e7; padding: 6px; margin: 4px; border: 1px solid #8da1b4; border-radius: 5px; line-height: 60%\"><p style=\"margin-bottom: 0px\"/><p style=\"margin-bottom: 0px\">Information Source: <a href=\"https://example.ca/fhir/NamingSystem/digital-orchestrator\">https://example.ca/fhir/NamingSystem/digital-orchestrator</a></p><p style=\"margin-bottom: 0px\">Profile: <a href=\"StructureDefinition-App2Observation.html\">App2Observation</a></p></div><p><b>status</b>: Final</p><p><b>category</b>: <span title=\"Codes:{http://terminology.hl7.org/CodeSystem/observation-category vital-signs}\">Vital Signs</span>, <span title=\"Codes:{http://snomed.info/sct 248254009}\">Quality of sleep</span></p><p><b>code</b>: <span title=\"Codes:{http://snomed.info/sct 248263006}\">Duration of sleep</span></p><p><b>subject</b>: <a href=\"Patient-App2PatientExample.html\">Jane Smith  (no stated gender), DoB Unknown ( PEid: uuid)</a></p><p><b>value</b>: 2 h/d<span style=\"background: LightGoldenRodYellow\"> (Details: UCUM  codeh/d = 'h/d')</span></p></div>"
  },
  "status" : "final",
  "category" : [{
    "coding" : [{
      "system" : "http://terminology.hl7.org/CodeSystem/observation-category",
      "code" : "vital-signs",
      "display" : "Vital Signs"
    }]
  },
  {
    "coding" : [{
      "system" : "http://snomed.info/sct",
      "code" : "248254009"
    }]
  }],
  "code" : {
    "coding" : [{
      "system" : "http://snomed.info/sct",
      "code" : "248263006",
      "display" : "Duration of sleep"
    }]
  },
  "subject" : {
    "reference" : "Patient/App2PatientExample"
  },
  "valueQuantity" : {
    "value" : 2,
    "system" : "http://unitsofmeasure.org",
    "code" : "h/d"
  }
}