<?xml version="1.0" encoding="UTF-8"?>

<Observation xmlns="http://hl7.org/fhir">
  <id value="App1ObservationExample"/>
  <meta>
    <source value="https://rxvx.ca"/>
    <profile value="http://example.ca/fhir/StructureDefinition/App1Observation"/>
  </meta>
  <text>
    <status value="generated"/><div xmlns="http://www.w3.org/1999/xhtml"><p class="res-header-id"><b>Generated Narrative: Observation App1ObservationExample</b></p><a name="App1ObservationExample"> </a><a name="hcApp1ObservationExample"> </a><div style="display: inline-block; background-color: #d9e0e7; padding: 6px; margin: 4px; border: 1px solid #8da1b4; border-radius: 5px; line-height: 60%"><p style="margin-bottom: 0px"/><p style="margin-bottom: 0px">Information Source: <a href="https://rxvx.ca">https://rxvx.ca</a></p><p style="margin-bottom: 0px">Profile: <a href="StructureDefinition-App1Observation.html">App1Observation</a></p></div><p><b>status</b>: Final</p><p><b>category</b>: <span title="Codes:{http://terminology.hl7.org/CodeSystem/observation-category vital-signs}">Vital Signs</span></p><p><b>code</b>: <span title="Codes:{http://snomed.info/sct 27113001}">Body weight</span></p><p><b>subject</b>: <a href="Patient-App1PatientExample.html">John Doe  (no stated gender), DoB Unknown ( HH Patient: HH Identifier System#pa_id)</a></p><p><b>value</b>: 50 kg<span style="background: LightGoldenRodYellow"> (Details: UCUM  codekg = 'kg')</span></p></div>
  </text>
  <status value="final"/>
  <category>
    <coding>
      <system value="http://terminology.hl7.org/CodeSystem/observation-category"/>
      <code value="vital-signs"/>
      <display value="Vital Signs"/>
    </coding>
  </category>
  <code>
    <coding>
      <system value="http://snomed.info/sct"/>
      <code value="27113001"/>
      <display value="Body weight"/>
    </coding>
  </code>
  <subject>
    <reference value="Patient/App1PatientExample"/>
  </subject>
  <valueQuantity>
    <value value="50"/>
    <system value="http://unitsofmeasure.org"/>
    <code value="kg"/>
  </valueQuantity>
</Observation>