<?xml version="1.0" encoding="UTF-8"?>

<Patient xmlns="http://hl7.org/fhir">
  <id value="App1PatientExample"/>
  <meta>
    <source value="https://example.ca/fhir/NamingSystem/hh-iss#"/>
    <profile value="http://example.ca/fhir/StructureDefinition/App1Patient"/>
  </meta>
  <text>
    <status value="generated"/><div xmlns="http://www.w3.org/1999/xhtml"><p class="res-header-id"><b>Generated Narrative: Patient App1PatientExample</b></p><a name="App1PatientExample"> </a><a name="hcApp1PatientExample"> </a><div style="display: inline-block; background-color: #d9e0e7; padding: 6px; margin: 4px; border: 1px solid #8da1b4; border-radius: 5px; line-height: 60%"><p style="margin-bottom: 0px"/><p style="margin-bottom: 0px">Information Source: <a href="https://example.ca/fhir/NamingSystem/hh-iss#">https://example.ca/fhir/NamingSystem/hh-iss#</a></p><p style="margin-bottom: 0px">Profile: <a href="StructureDefinition-App1Patient.html">App1Patient</a></p></div><p style="border: 1px #661aff solid; background-color: #e6e6ff; padding: 10px;">John Doe  (no stated gender), DoB Unknown ( HH Patient: HH Identifier System#pa_id)</p><hr/><table class="grid"><tr><td style="background-color: #f3f5da" title="This extension captures the creation date of the artifact on the client system (i.e., the system where it was generated)."><a href="StructureDefinition-CreateDate.html"/></td><td colspan="3">2025-12-16</td></tr></table></div>
  </text>
  <extension url="https://example.ca/fhir/extensions/global/createDate">
    <valueDateTime value="2025-12-16"/>
  </extension>
  <identifier>
    <type>
      <coding>
        <system value="https://example.ca/fhir/CodeSystem/identifier-type"/>
        <code value="pa_id"/>
        <display value="HH Patient"/>
      </coding>
    </type>
    <system value="https://example.ca/fhir/NamingSystem/hh-iss#"/>
    <value value="pa_id"/>
  </identifier>
  <name>
    <family value="Doe"/>
    <given value="John"/>
  </name>
</Patient>