{
  "resourceType" : "ValueSet",
  "id" : "ObservationIdVS",
  "text" : {
    "status" : "extensions",
    "div" : "<div xmlns=\"http://www.w3.org/1999/xhtml\"><p class=\"res-header-id\"><b>Generated Narrative: ValueSet ObservationIdVS</b></p><a name=\"ObservationIdVS\"> </a><a name=\"hcObservationIdVS\"> </a><ul><li>Include these codes as defined in <a href=\"CodeSystem-LGIdTypeCS.html\"><code>https://lg.com/fhir/CodeSystem/identifier-type</code></a><span title=\"Version is not explicitly stated, which means it is fixed to the version provided in this specification\"> version &#x1F4E6;0.1.0</span><table class=\"none\"><tr><td style=\"white-space:nowrap\"><b>Code</b></td><td><b>Display</b></td><td><b>Definition</b></td></tr><tr><td><a href=\"CodeSystem-LGIdTypeCS.html#LGIdTypeCS-metric-id\">metric-id</a></td><td>Self Reported Metric ID</td><td>LG assigned identifier for a self reported metric record</td></tr></table></li></ul></div>"
  },
  "url" : "http://example.ca/fhir/ValueSet/ObservationIdVS",
  "version" : "0.1.0",
  "name" : "ObservationIdVS",
  "status" : "draft",
  "date" : "2026-01-02T17:26:38+00:00",
  "publisher" : "Example Publisher",
  "contact" : [{
    "name" : "Example Publisher",
    "telecom" : [{
      "system" : "url",
      "value" : "http://example.org/example-publisher"
    }]
  }],
  "description" : "ValueSet of Observation identifier types",
  "compose" : {
    "include" : [{
      "system" : "https://lg.com/fhir/CodeSystem/identifier-type",
      "concept" : [{
        "code" : "metric-id",
        "display" : "Self Reported Metric ID"
      }]
    }]
  }
}