<?xml version="1.0" encoding="UTF-8"?>

<ValueSet xmlns="http://hl7.org/fhir">
  <id value="App2ObsCodeVS"/>
  <text>
    <status value="generated"/><div xmlns="http://www.w3.org/1999/xhtml"><p class="res-header-id"><b>Generated Narrative: ValueSet App2ObsCodeVS</b></p><a name="App2ObsCodeVS"> </a><a name="hcApp2ObsCodeVS"> </a><ul><li>Include these codes as defined in <a href="http://www.snomed.org/"><code>http://snomed.info/sct</code></a><span title="Version is not explicitly stated. No matching Code System found"> version Not Stated (use latest from terminology server)</span><table class="none"><tr><td style="white-space:nowrap"><b>Code</b></td><td><b>Display</b></td></tr><tr><td><a href="http://snomed.info/id/405161002">405161002</a></td><td>Pain level</td></tr><tr><td><a href="http://snomed.info/id/248263006">248263006</a></td><td>Duration of sleep</td></tr><tr><td><a href="http://snomed.info/id/248254009">248254009</a></td><td>Quality of sleep</td></tr></table></li></ul></div>
  </text>
  <url value="http://example.ca/fhir/ValueSet/App2ObsCodeVS"/>
  <version value="0.1.0"/>
  <name value="App2ObsCodeVS"/>
  <status value="draft"/>
  <date value="2025-12-23T18:03:14+00:00"/>
  <publisher value="Example Publisher"/>
  <contact>
    <name value="Example Publisher"/>
    <telecom>
      <system value="url"/>
      <value value="http://example.org/example-publisher"/>
    </telecom>
  </contact>
  <description value="ValueSet of SDM App Observation codes"/>
  <compose>
    <include>
      <system value="http://snomed.info/sct"/>
      <concept>
        <code value="405161002"/>
        <display value="Pain level"/>
      </concept>
      <concept>
        <code value="248263006"/>
        <display value="Duration of sleep"/>
      </concept>
      <concept>
        <code value="248254009"/>
        <display value="Quality of sleep"/>
      </concept>
    </include>
  </compose>
</ValueSet>