{
  "resourceType" : "ValueSet",
  "id" : "PatientIdVS",
  "text" : {
    "status" : "extensions",
    "div" : "<div xmlns=\"http://www.w3.org/1999/xhtml\"><p class=\"res-header-id\"><b>Generated Narrative: ValueSet PatientIdVS</b></p><a name=\"PatientIdVS\"> </a><a name=\"hcPatientIdVS\"> </a><ul><li>Include these codes as defined in <a href=\"CodeSystem-LLIdTypeCS.html\"><code>https://example.ca/fhir/CodeSystem/identifier-type</code></a><span title=\"Version is not explicitly stated, which means it is fixed to the version provided in this specification\"> version &#x1F4E6;0.1.0</span><table class=\"none\"><tr><td style=\"white-space:nowrap\"><b>Code</b></td><td><b>Display</b></td><td><b>Definition</b></td></tr><tr><td><a href=\"CodeSystem-LLIdTypeCS.html#LLIdTypeCS-pa_id\">pa_id</a></td><td>HH Patient</td><td>HH Patient ID</td></tr><tr><td><a href=\"CodeSystem-LLIdTypeCS.html#LLIdTypeCS-peid\">peid</a></td><td>PEid</td><td>PEid used in creation of digital customer profiles</td></tr></table></li></ul></div>"
  },
  "url" : "http://example.ca/fhir/ValueSet/PatientIdVS",
  "version" : "0.1.0",
  "name" : "PatientIdVS",
  "status" : "draft",
  "date" : "2025-12-23T18:12:59+00:00",
  "publisher" : "Example Publisher",
  "contact" : [{
    "name" : "Example Publisher",
    "telecom" : [{
      "system" : "url",
      "value" : "http://example.org/example-publisher"
    }]
  }],
  "description" : "ValueSet of Patient identifier types",
  "compose" : {
    "include" : [{
      "system" : "https://example.ca/fhir/CodeSystem/identifier-type",
      "concept" : [{
        "code" : "pa_id",
        "display" : "HH Patient"
      },
      {
        "code" : "peid",
        "display" : "PEid"
      }]
    }]
  }
}