{
  "codeSystems" : [
    {
      "url" : "http://example.ca/fhir/ValueSet/App1ObsCodeVS",
      "version" : "0.1.0",
      "status" : "draft",
      "name" : "App1ObsCodeVS",
      "title" : null,
      "description" : "ValueSet of RxCA Observation codes",
      "systems" : ["http://snomed.info/sct"],
      "uses" : {
      },
      "StructureDefinition-App1Observation.html" : "App1Observation"
    },
    {
      "url" : "http://example.ca/fhir/ValueSet/App2ObsCatVS",
      "version" : "0.1.0",
      "status" : "draft",
      "name" : "App2ObsCatVS",
      "title" : null,
      "description" : "ValueSet of SDM App Observation categories",
      "systems" : ["http://snomed.info/sct"],
      "uses" : {
      },
      "StructureDefinition-App2Observation.html" : "App2Observation"
    },
    {
      "url" : "http://example.ca/fhir/ValueSet/App2ObsCodeVS",
      "version" : "0.1.0",
      "status" : "draft",
      "name" : "App2ObsCodeVS",
      "title" : null,
      "description" : "ValueSet of SDM App Observation codes",
      "systems" : ["http://snomed.info/sct"],
      "uses" : {
      },
      "StructureDefinition-App2Observation.html" : "App2Observation"
    },
    {
      "url" : "http://example.ca/fhir/ValueSet/ObservationIdVS",
      "version" : "0.1.0",
      "status" : "draft",
      "name" : "ObservationIdVS",
      "title" : null,
      "description" : "ValueSet of Observation identifier types",
      "systems" : ["https://lg.com/fhir/CodeSystem/identifier-type"]
    },
    {
      "url" : "http://example.ca/fhir/ValueSet/PatientIdVS",
      "version" : "0.1.0",
      "status" : "draft",
      "name" : "PatientIdVS",
      "title" : null,
      "description" : "ValueSet of Patient identifier types",
      "systems" : ["https://example.ca/fhir/CodeSystem/identifier-type"],
      "uses" : {
      },
      "StructureDefinition-CorePatient.html" : "CorePatient"
    },
    {
      "url" : "http://terminology.hl7.org/ValueSet/observation-category",
      "version" : "1.0.1",
      "status" : "active",
      "name" : "ObservationCategoryCodes",
      "title" : "Observation Category Codes",
      "description" : "Observation Category codes.",
      "systems" : ["http://terminology.hl7.org/CodeSystem/observation-category"],
      "oids" : ["2.16.840.1.113883.4.642.3.403"],
      "sources" : ["2.16.840.1.113883.4.642.3.403"],
      "uses" : {
      },
      "StructureDefinition-CoreObservation.html" : "CoreObservation"
    }
  ]
}
