URL,Version,Status,OIDs,Name,Title,Description,Uses,Used,Sources
http://example.ca/fhir/ValueSet/App1ObsCodeVS,0.1.0,draft,,App1ObsCodeVS,,"ValueSet of RxCA Observation codes","StructureDefinition/App1Observation","SCT"
http://example.ca/fhir/ValueSet/App2ObsCatVS,0.1.0,draft,,App2ObsCatVS,,"ValueSet of SDM App Observation categories","StructureDefinition/App2Observation","SCT"
http://example.ca/fhir/ValueSet/App2ObsCodeVS,0.1.0,draft,,App2ObsCodeVS,,"ValueSet of SDM App Observation codes","StructureDefinition/App2Observation","SCT"
http://example.ca/fhir/ValueSet/ObservationIdVS,0.1.0,draft,,ObservationIdVS,,"ValueSet of Observation identifier types",,"Internal"
http://example.ca/fhir/ValueSet/PatientIdVS,0.1.0,draft,,PatientIdVS,,"ValueSet of Patient identifier types","StructureDefinition/CorePatient","Internal"
http://terminology.hl7.org/ValueSet/observation-category,1.0.1,active,"2.16.840.1.113883.4.642.3.403",ObservationCategoryCodes,Observation Category Codes,"Observation Category codes.","StructureDefinition/CoreObservation","THO"
