{
  "resourceType" : "ValueSet",
  "id" : "App2ObsCodeVS",
  "text" : {
    "status" : "generated",
    "div" : "<div xmlns=\"http://www.w3.org/1999/xhtml\"><p class=\"res-header-id\"><b>Generated Narrative: ValueSet App2ObsCodeVS</b></p><a name=\"App2ObsCodeVS\"> </a><a name=\"hcApp2ObsCodeVS\"> </a><ul><li>Include these codes as defined in <a href=\"http://www.snomed.org/\"><code>http://snomed.info/sct</code></a><span title=\"Version is not explicitly stated. No matching Code System found\"> version Not Stated (use latest from terminology server)</span><table class=\"none\"><tr><td style=\"white-space:nowrap\"><b>Code</b></td><td><b>Display</b></td></tr><tr><td><a href=\"http://snomed.info/id/405161002\">405161002</a></td><td>Pain level</td></tr><tr><td><a href=\"http://snomed.info/id/248263006\">248263006</a></td><td>Duration of sleep</td></tr><tr><td><a href=\"http://snomed.info/id/248254009\">248254009</a></td><td>Quality of sleep</td></tr></table></li></ul></div>"
  },
  "url" : "http://example.ca/fhir/ValueSet/App2ObsCodeVS",
  "version" : "0.1.0",
  "name" : "App2ObsCodeVS",
  "status" : "draft",
  "date" : "2026-01-06T16:33:10+00:00",
  "publisher" : "Example Publisher",
  "contact" : [{
    "name" : "Example Publisher",
    "telecom" : [{
      "system" : "url",
      "value" : "http://example.org/example-publisher"
    }]
  }],
  "description" : "ValueSet of App2 Observation codes",
  "compose" : {
    "include" : [{
      "system" : "http://snomed.info/sct",
      "concept" : [{
        "code" : "405161002",
        "display" : "Pain level"
      },
      {
        "code" : "248263006",
        "display" : "Duration of sleep"
      },
      {
        "code" : "248254009",
        "display" : "Quality of sleep"
      }]
    }]
  }
}