{"resourceType":"ImplementationGuide","id":"fhir.ig.demo","text":{"status":"generated","div":"<div xmlns=\"http://www.w3.org/1999/xhtml\"><p class=\"res-header-id\"><b>Generated Narrative: ImplementationGuide fhir.ig.demo</b></p><a name=\"fhir.ig.demo\"> </a><a name=\"hcfhir.ig.demo\"> </a><h2>LLDemoIG</h2><p>The official URL for this implementation guide is: </p><pre>http://example.ca/fhir/ImplementationGuide/fhir.ig.demo</pre><div><p>Demo Implementation Guide for getting started with FSH, SUSHI and IG Builder</p>\n</div></div>"},"url":"http://example.ca/fhir/ImplementationGuide/fhir.ig.demo","version":"0.1.0","name":"LLDemoIG","title":"LL Demo IG","status":"draft","date":"2026-01-02T17:23:15+00:00","publisher":"Example Publisher","contact":[{"name":"Example Publisher","telecom":[{"system":"url","value":"http://example.org/example-publisher"}]}],"description":"Demo Implementation Guide for getting started with FSH, SUSHI and IG Builder","packageId":"fhir.ig.demo","license":"CC0-1.0","fhirVersion":["5.0.0"],"dependsOn":[{"id":"hl7tx","extension":[{"url":"http://hl7.org/fhir/tools/StructureDefinition/implementationguide-dependency-comment","valueMarkdown":"Automatically added as a dependency - all IGs depend on HL7 Terminology"}],"uri":"http://terminology.hl7.org/ImplementationGuide/hl7.terminology","packageId":"hl7.terminology.r5","version":"7.0.1"},{"id":"hl7ext","extension":[{"url":"http://hl7.org/fhir/tools/StructureDefinition/implementationguide-dependency-comment","valueMarkdown":"Automatically added as a dependency - all IGs depend on the HL7 Extension Pack"}],"uri":"http://hl7.org/fhir/extensions/ImplementationGuide/hl7.fhir.uv.extensions","packageId":"hl7.fhir.uv.extensions.r5","version":"5.2.0"}],"definition":{"extension":[{"extension":[{"url":"code","valueCode":"special-url"},{"url":"value","valueString":"https://example.ca/fhir/CodeSystem/identifier-type"}],"url":"http://hl7.org/fhir/tools/StructureDefinition/ig-parameter"},{"extension":[{"url":"code","valueCode":"special-url"},{"url":"value","valueString":"https://lg.com/fhir/CodeSystem/identifier-type"}],"url":"http://hl7.org/fhir/tools/StructureDefinition/ig-parameter"},{"extension":[{"url":"code","valueCode":"special-url"},{"url":"value","valueString":"https://rxvx.ca/fhir/CodeSystem/identifier-type"}],"url":"http://hl7.org/fhir/tools/StructureDefinition/ig-parameter"},{"extension":[{"url":"code","valueCode":"special-url"},{"url":"value","valueString":"https://example.ca/fhir/extensions/global/createDate"}],"url":"http://hl7.org/fhir/tools/StructureDefinition/ig-parameter"},{"extension":[{"url":"code","valueCode":"special-url"},{"url":"value","valueString":"https://example.ca/fhir/SearchParameter/updatedate"}],"url":"http://hl7.org/fhir/tools/StructureDefinition/ig-parameter"},{"url":"http://hl7.org/fhir/tools/StructureDefinition/ig-internal-dependency","valueCode":"hl7.fhir.uv.tools.r5#0.9.0"}],"grouping":[{"id":"-dyn-searchparameter","name":"Behavior: Search Parameters","description":"These define the properties by which a RESTful server can be searched.  They can also be used for sorting and including related resources."},{"id":"-str-abstractprofile","name":"Structures: Abstract Profiles","description":"These are profiles on resources or data types that describe patterns used by other profiles, but cannot be instantiated directly.  I.e. instances can conform to profiles *based* on these abstract profiles but do not declare conformance to the abstract profiles themselves."},{"id":"-str-profile","name":"Structures: Resource Profiles","description":"These define constraints on FHIR resources for systems conforming to this implementation guide."},{"id":"-str-extension","name":"Structures: Extension Definitions","description":"These define constraints on FHIR data types for systems conforming to this implementation guide."},{"id":"-term-valueset","name":"Terminology: Value Sets","description":"These define sets of codes used by systems conforming to this implementation guide."},{"id":"-term-codesystem","name":"Terminology: Code Systems","description":"These define new code systems used by systems conforming to this implementation guide."},{"id":"-term-namingsystem","name":"Terminology: Naming Systems","description":"These define identifier and/or code system identities used by systems conforming to this implementation guide."},{"id":"-ex-example","name":"Example: Example Instances","description":"These are example instances that show what data produced and consumed by systems conforming with this implementation guide might look like."}],"resource":[{"extension":[{"url":"http://hl7.org/fhir/tools/StructureDefinition/resource-sort","valueInteger":999999999},{"url":"http://hl7.org/fhir/StructureDefinition/implementationguide-page","valueUri":"SearchParameter-UpdateDateSP.html"}],"reference":{"reference":"SearchParameter/UpdateDateSP"},"name":"UpdateDateSP","description":"Enabling search parameter to search updateDate extension that is used to capture client-side update timestamp.","isExample":false,"groupingId":"-dyn-searchparameter"},{"extension":[{"url":"http://hl7.org/fhir/tools/StructureDefinition/resource-sort","valueInteger":999999999},{"url":"http://hl7.org/fhir/StructureDefinition/implementationguide-page","valueUri":"StructureDefinition-CoreObservation.html"}],"reference":{"reference":"StructureDefinition/CoreObservation"},"name":"CoreObservation","description":"An example profile of the core Observation resource.","isExample":false,"groupingId":"-str-abstractprofile"},{"extension":[{"url":"http://hl7.org/fhir/tools/StructureDefinition/resource-sort","valueInteger":999999999},{"url":"http://hl7.org/fhir/StructureDefinition/implementationguide-page","valueUri":"StructureDefinition-CorePatient.html"}],"reference":{"reference":"StructureDefinition/CorePatient"},"name":"CorePatient","description":"An example profile of the core Patient resource.","isExample":false,"groupingId":"-str-abstractprofile"},{"extension":[{"url":"http://hl7.org/fhir/tools/StructureDefinition/resource-sort","valueInteger":999999999},{"url":"http://hl7.org/fhir/StructureDefinition/implementationguide-page","valueUri":"StructureDefinition-App1Observation.html"}],"reference":{"reference":"StructureDefinition/App1Observation"},"name":"App1Observation","description":"Observation profile for Application 1","isExample":false,"groupingId":"-str-profile"},{"extension":[{"url":"http://hl7.org/fhir/tools/StructureDefinition/resource-sort","valueInteger":999999999},{"url":"http://hl7.org/fhir/StructureDefinition/implementationguide-page","valueUri":"StructureDefinition-App1Patient.html"}],"reference":{"reference":"StructureDefinition/App1Patient"},"name":"App1Patient","description":"Patient profile for Application 1","isExample":false,"groupingId":"-str-profile"},{"extension":[{"url":"http://hl7.org/fhir/tools/StructureDefinition/resource-sort","valueInteger":999999999},{"url":"http://hl7.org/fhir/StructureDefinition/implementationguide-page","valueUri":"StructureDefinition-App2Observation.html"}],"reference":{"reference":"StructureDefinition/App2Observation"},"name":"App2Observation","description":"Observation profile for Application 2","isExample":false,"groupingId":"-str-profile"},{"extension":[{"url":"http://hl7.org/fhir/tools/StructureDefinition/resource-sort","valueInteger":999999999},{"url":"http://hl7.org/fhir/StructureDefinition/implementationguide-page","valueUri":"StructureDefinition-App2Patient.html"}],"reference":{"reference":"StructureDefinition/App2Patient"},"name":"App2Patient","description":"Patient profile for Application 2","isExample":false,"groupingId":"-str-profile"},{"extension":[{"url":"http://hl7.org/fhir/tools/StructureDefinition/resource-sort","valueInteger":999999999},{"url":"http://hl7.org/fhir/StructureDefinition/implementationguide-page","valueUri":"StructureDefinition-CreateDate.html"}],"reference":{"reference":"StructureDefinition/CreateDate"},"name":"CreateDate","description":"This extension captures the creation date of the artifact on the client system (i.e., the system where it was generated).","isExample":false,"groupingId":"-str-extension"},{"extension":[{"url":"http://hl7.org/fhir/tools/StructureDefinition/resource-sort","valueInteger":999999999},{"url":"http://hl7.org/fhir/StructureDefinition/implementationguide-page","valueUri":"StructureDefinition-ObservationSource.html"}],"reference":{"reference":"StructureDefinition/ObservationSource"},"name":"ObservationSource","description":"This extension captures the originating context of the observation, representing the type of source from which the observation data was obtained, such as a laboratory, point-of-care device, patient self-report, healthcare professional, or external registry. It distinguishes the semantic source of the observation from existing FHIR attributes like performer (who asserted or reported the observation), method (the analytical technique used), or device (the instrument involved). The source type is expressed as a CodeableConcept, with values mapped from the source system to a standardized or custom code system.","isExample":false,"groupingId":"-str-extension"},{"extension":[{"url":"http://hl7.org/fhir/tools/StructureDefinition/resource-sort","valueInteger":999999999},{"url":"http://hl7.org/fhir/StructureDefinition/implementationguide-page","valueUri":"ValueSet-App1ObsCodeVS.html"}],"reference":{"reference":"ValueSet/App1ObsCodeVS"},"name":"App1ObsCodeVS","description":"ValueSet of RXVX Observation codes","isExample":false,"groupingId":"-term-valueset"},{"extension":[{"url":"http://hl7.org/fhir/tools/StructureDefinition/resource-sort","valueInteger":999999999},{"url":"http://hl7.org/fhir/StructureDefinition/implementationguide-page","valueUri":"ValueSet-App2ObsCatVS.html"}],"reference":{"reference":"ValueSet/App2ObsCatVS"},"name":"App2ObsCatVS","description":"ValueSet of App2 Observation categories","isExample":false,"groupingId":"-term-valueset"},{"extension":[{"url":"http://hl7.org/fhir/tools/StructureDefinition/resource-sort","valueInteger":999999999},{"url":"http://hl7.org/fhir/StructureDefinition/implementationguide-page","valueUri":"ValueSet-App2ObsCodeVS.html"}],"reference":{"reference":"ValueSet/App2ObsCodeVS"},"name":"App2ObsCodeVS","description":"ValueSet of App2 Observation codes","isExample":false,"groupingId":"-term-valueset"},{"extension":[{"url":"http://hl7.org/fhir/tools/StructureDefinition/resource-sort","valueInteger":999999999},{"url":"http://hl7.org/fhir/StructureDefinition/implementationguide-page","valueUri":"ValueSet-ObservationIdVS.html"}],"reference":{"reference":"ValueSet/ObservationIdVS"},"name":"ObservationIdVS","description":"ValueSet of Observation identifier types","isExample":false,"groupingId":"-term-valueset"},{"extension":[{"url":"http://hl7.org/fhir/tools/StructureDefinition/resource-sort","valueInteger":999999999},{"url":"http://hl7.org/fhir/StructureDefinition/implementationguide-page","valueUri":"ValueSet-PatientIdVS.html"}],"reference":{"reference":"ValueSet/PatientIdVS"},"name":"PatientIdVS","description":"ValueSet of Patient identifier types","isExample":false,"groupingId":"-term-valueset"},{"extension":[{"url":"http://hl7.org/fhir/tools/StructureDefinition/resource-sort","valueInteger":999999999},{"url":"http://hl7.org/fhir/StructureDefinition/implementationguide-page","valueUri":"CodeSystem-LGIdTypeCS.html"}],"reference":{"reference":"CodeSystem/LGIdTypeCS"},"name":"LG Identifier Type code system","description":"Custom code system to define LG identifier types","isExample":false,"groupingId":"-term-codesystem"},{"extension":[{"url":"http://hl7.org/fhir/tools/StructureDefinition/resource-sort","valueInteger":999999999},{"url":"http://hl7.org/fhir/StructureDefinition/implementationguide-page","valueUri":"CodeSystem-LLIdTypeCS.html"}],"reference":{"reference":"CodeSystem/LLIdTypeCS"},"name":"LL Identifier Type code system","description":"Custom code system to define LL identifier types","isExample":false,"groupingId":"-term-codesystem"},{"extension":[{"url":"http://hl7.org/fhir/tools/StructureDefinition/resource-sort","valueInteger":999999999},{"url":"http://hl7.org/fhir/StructureDefinition/implementationguide-page","valueUri":"CodeSystem-RxVXIdTypeCS.html"}],"reference":{"reference":"CodeSystem/RxVXIdTypeCS"},"name":"RxVX Identifier Type code system","description":"Custom code system to define RxVX identifier types","isExample":false,"groupingId":"-term-codesystem"},{"extension":[{"url":"http://hl7.org/fhir/tools/StructureDefinition/resource-sort","valueInteger":999999999},{"url":"http://hl7.org/fhir/StructureDefinition/implementationguide-page","valueUri":"NamingSystem-HHIdNS.html"}],"reference":{"reference":"NamingSystem/HHIdNS"},"name":"HHIdNS","description":"A local system for HH identifiers.","isExample":false,"groupingId":"-term-namingsystem"},{"extension":[{"url":"http://hl7.org/fhir/tools/StructureDefinition/resource-sort","valueInteger":999999999},{"url":"http://hl7.org/fhir/StructureDefinition/implementationguide-page","valueUri":"Observation-App1ObservationExample.html"}],"reference":{"reference":"Observation/App1ObservationExample"},"name":"App1ObservationExample","description":"An example of Application 1 Observation","isExample":true,"profile":["http://example.ca/fhir/StructureDefinition/App1Observation"],"groupingId":"-ex-example"},{"extension":[{"url":"http://hl7.org/fhir/tools/StructureDefinition/resource-sort","valueInteger":999999999},{"url":"http://hl7.org/fhir/StructureDefinition/implementationguide-page","valueUri":"Patient-App1PatientExample.html"}],"reference":{"reference":"Patient/App1PatientExample"},"name":"App1PatientExample","description":"An example of Application 1 Patient","isExample":true,"profile":["http://example.ca/fhir/StructureDefinition/App1Patient"],"groupingId":"-ex-example"},{"extension":[{"url":"http://hl7.org/fhir/tools/StructureDefinition/resource-sort","valueInteger":999999999},{"url":"http://hl7.org/fhir/StructureDefinition/implementationguide-page","valueUri":"Observation-App2ObservationExample.html"}],"reference":{"reference":"Observation/App2ObservationExample"},"name":"App2ObservationExample","description":"An example of Application 2 Observation","isExample":true,"profile":["http://example.ca/fhir/StructureDefinition/App2Observation"],"groupingId":"-ex-example"},{"extension":[{"url":"http://hl7.org/fhir/tools/StructureDefinition/resource-sort","valueInteger":999999999},{"url":"http://hl7.org/fhir/StructureDefinition/implementationguide-page","valueUri":"Patient-App2PatientExample.html"}],"reference":{"reference":"Patient/App2PatientExample"},"name":"App2PatientExample","description":"An example of Application 2 Patient","isExample":true,"profile":["http://example.ca/fhir/StructureDefinition/App2Patient"],"groupingId":"-ex-example"}],"page":{"sourceUrl":"toc.html","name":"toc.html","title":"Table of Contents","generation":"html","page":[{"sourceUrl":"index.html","name":"index.html","title":"Home","generation":"markdown"},{"sourceUrl":"app1.html","name":"app1.html","title":"Application A Implementation","generation":"markdown"},{"sourceUrl":"app2.html","name":"app2.html","title":"Application B Implementation","generation":"markdown"},{"sourceUrl":"profiles.html","name":"profiles.html","title":"Profiles and Extensions","generation":"markdown"},{"sourceUrl":"terminology.html","name":"terminology.html","title":"CodeSystems and ValueSets","generation":"markdown"},{"sourceUrl":"artifacts.html","name":"artifacts.html","title":"Artifacts Summary","generation":"html","page":[{"sourceUrl":"SearchParameter-UpdateDateSP.html","name":"SearchParameter-UpdateDateSP.html","title":"UpdateDateSP","generation":"generated"},{"sourceUrl":"StructureDefinition-CoreObservation.html","name":"StructureDefinition-CoreObservation.html","title":"CoreObservation","generation":"generated"},{"sourceUrl":"StructureDefinition-CorePatient.html","name":"StructureDefinition-CorePatient.html","title":"CorePatient","generation":"generated"},{"sourceUrl":"StructureDefinition-App1Observation.html","name":"StructureDefinition-App1Observation.html","title":"App1Observation","generation":"generated"},{"sourceUrl":"StructureDefinition-App1Patient.html","name":"StructureDefinition-App1Patient.html","title":"App1Patient","generation":"generated"},{"sourceUrl":"StructureDefinition-App2Observation.html","name":"StructureDefinition-App2Observation.html","title":"App2Observation","generation":"generated"},{"sourceUrl":"StructureDefinition-App2Patient.html","name":"StructureDefinition-App2Patient.html","title":"App2Patient","generation":"generated"},{"sourceUrl":"StructureDefinition-CreateDate.html","name":"StructureDefinition-CreateDate.html","title":"CreateDate","generation":"generated"},{"sourceUrl":"StructureDefinition-ObservationSource.html","name":"StructureDefinition-ObservationSource.html","title":"ObservationSource","generation":"generated"},{"sourceUrl":"ValueSet-App1ObsCodeVS.html","name":"ValueSet-App1ObsCodeVS.html","title":"App1ObsCodeVS","generation":"generated"},{"sourceUrl":"ValueSet-App2ObsCatVS.html","name":"ValueSet-App2ObsCatVS.html","title":"App2ObsCatVS","generation":"generated"},{"sourceUrl":"ValueSet-App2ObsCodeVS.html","name":"ValueSet-App2ObsCodeVS.html","title":"App2ObsCodeVS","generation":"generated"},{"sourceUrl":"ValueSet-ObservationIdVS.html","name":"ValueSet-ObservationIdVS.html","title":"ObservationIdVS","generation":"generated"},{"sourceUrl":"ValueSet-PatientIdVS.html","name":"ValueSet-PatientIdVS.html","title":"PatientIdVS","generation":"generated"},{"sourceUrl":"CodeSystem-LGIdTypeCS.html","name":"CodeSystem-LGIdTypeCS.html","title":"LG Identifier Type code system","generation":"generated"},{"sourceUrl":"CodeSystem-LLIdTypeCS.html","name":"CodeSystem-LLIdTypeCS.html","title":"LL Identifier Type code system","generation":"generated"},{"sourceUrl":"CodeSystem-RxVXIdTypeCS.html","name":"CodeSystem-RxVXIdTypeCS.html","title":"RxVX Identifier Type code system","generation":"generated"},{"sourceUrl":"NamingSystem-HHIdNS.html","name":"NamingSystem-HHIdNS.html","title":"HHIdNS","generation":"generated"},{"sourceUrl":"Observation-App1ObservationExample.html","name":"Observation-App1ObservationExample.html","title":"App1ObservationExample","generation":"generated"},{"sourceUrl":"Patient-App1PatientExample.html","name":"Patient-App1PatientExample.html","title":"App1PatientExample","generation":"generated"},{"sourceUrl":"Observation-App2ObservationExample.html","name":"Observation-App2ObservationExample.html","title":"App2ObservationExample","generation":"generated"},{"sourceUrl":"Patient-App2PatientExample.html","name":"Patient-App2PatientExample.html","title":"App2PatientExample","generation":"generated"}]}]},"parameter":[{"code":{"system":"http://hl7.org/fhir/tools/CodeSystem/ig-parameters","code":"copyrightyear"},"value":"2025+"},{"code":{"system":"http://hl7.org/fhir/tools/CodeSystem/ig-parameters","code":"releaselabel"},"value":"ci-build"},{"code":{"system":"http://hl7.org/fhir/tools/CodeSystem/ig-parameters","code":"autoload-resources"},"value":"true"},{"code":{"system":"http://hl7.org/fhir/guide-parameter-code","code":"path-resource"},"value":"input/capabilities"},{"code":{"system":"http://hl7.org/fhir/guide-parameter-code","code":"path-resource"},"value":"input/examples"},{"code":{"system":"http://hl7.org/fhir/guide-parameter-code","code":"path-resource"},"value":"input/extensions"},{"code":{"system":"http://hl7.org/fhir/guide-parameter-code","code":"path-resource"},"value":"input/models"},{"code":{"system":"http://hl7.org/fhir/guide-parameter-code","code":"path-resource"},"value":"input/operations"},{"code":{"system":"http://hl7.org/fhir/guide-parameter-code","code":"path-resource"},"value":"input/profiles"},{"code":{"system":"http://hl7.org/fhir/guide-parameter-code","code":"path-resource"},"value":"input/resources"},{"code":{"system":"http://hl7.org/fhir/guide-parameter-code","code":"path-resource"},"value":"input/vocabulary"},{"code":{"system":"http://hl7.org/fhir/guide-parameter-code","code":"path-resource"},"value":"input/maps"},{"code":{"system":"http://hl7.org/fhir/guide-parameter-code","code":"path-resource"},"value":"input/testing"},{"code":{"system":"http://hl7.org/fhir/guide-parameter-code","code":"path-resource"},"value":"input/history"},{"code":{"system":"http://hl7.org/fhir/guide-parameter-code","code":"path-resource"},"value":"fsh-generated/resources"},{"code":{"system":"http://hl7.org/fhir/guide-parameter-code","code":"path-pages"},"value":"template/config"},{"code":{"system":"http://hl7.org/fhir/guide-parameter-code","code":"path-pages"},"value":"input/images"},{"code":{"system":"http://hl7.org/fhir/tools/CodeSystem/ig-parameters","code":"path-liquid"},"value":"template/liquid"},{"code":{"system":"http://hl7.org/fhir/tools/CodeSystem/ig-parameters","code":"path-liquid"},"value":"input/liquid"},{"code":{"system":"http://hl7.org/fhir/tools/CodeSystem/ig-parameters","code":"path-qa"},"value":"temp/qa"},{"code":{"system":"http://hl7.org/fhir/tools/CodeSystem/ig-parameters","code":"path-temp"},"value":"temp/pages"},{"code":{"system":"http://hl7.org/fhir/tools/CodeSystem/ig-parameters","code":"path-output"},"value":"output"},{"code":{"system":"http://hl7.org/fhir/guide-parameter-code","code":"path-tx-cache"},"value":"input-cache/txcache"},{"code":{"system":"http://hl7.org/fhir/tools/CodeSystem/ig-parameters","code":"path-suppressed-warnings"},"value":"input/ignoreWarnings.txt"},{"code":{"system":"http://hl7.org/fhir/tools/CodeSystem/ig-parameters","code":"path-history"},"value":"http://example.ca/fhir/history.html"},{"code":{"system":"http://hl7.org/fhir/tools/CodeSystem/ig-parameters","code":"template-html"},"value":"template-page.html"},{"code":{"system":"http://hl7.org/fhir/tools/CodeSystem/ig-parameters","code":"template-md"},"value":"template-page-md.html"},{"code":{"system":"http://hl7.org/fhir/tools/CodeSystem/ig-parameters","code":"apply-contact"},"value":"true"},{"code":{"system":"http://hl7.org/fhir/tools/CodeSystem/ig-parameters","code":"apply-context"},"value":"true"},{"code":{"system":"http://hl7.org/fhir/tools/CodeSystem/ig-parameters","code":"apply-copyright"},"value":"true"},{"code":{"system":"http://hl7.org/fhir/tools/CodeSystem/ig-parameters","code":"apply-jurisdiction"},"value":"true"},{"code":{"system":"http://hl7.org/fhir/tools/CodeSystem/ig-parameters","code":"apply-license"},"value":"true"},{"code":{"system":"http://hl7.org/fhir/tools/CodeSystem/ig-parameters","code":"apply-publisher"},"value":"true"},{"code":{"system":"http://hl7.org/fhir/tools/CodeSystem/ig-parameters","code":"apply-version"},"value":"true"},{"code":{"system":"http://hl7.org/fhir/tools/CodeSystem/ig-parameters","code":"apply-wg"},"value":"true"},{"code":{"system":"http://hl7.org/fhir/tools/CodeSystem/ig-parameters","code":"active-tables"},"value":"true"},{"code":{"system":"http://hl7.org/fhir/tools/CodeSystem/ig-parameters","code":"fmm-definition"},"value":"http://hl7.org/fhir/versions.html#maturity"},{"code":{"system":"http://hl7.org/fhir/tools/CodeSystem/ig-parameters","code":"propagate-status"},"value":"true"},{"code":{"system":"http://hl7.org/fhir/tools/CodeSystem/ig-parameters","code":"excludelogbinaryformat"},"value":"true"},{"code":{"system":"http://hl7.org/fhir/tools/CodeSystem/ig-parameters","code":"tabbed-snapshots"},"value":"true"},{"code":{"system":"http://hl7.org/fhir/tools/CodeSystem/ig-parameters","code":"special-url"},"value":"https://example.ca/fhir/CodeSystem/identifier-type"},{"code":{"system":"http://hl7.org/fhir/tools/CodeSystem/ig-parameters","code":"special-url"},"value":"https://lg.com/fhir/CodeSystem/identifier-type"},{"code":{"system":"http://hl7.org/fhir/tools/CodeSystem/ig-parameters","code":"special-url"},"value":"https://rxvx.ca/fhir/CodeSystem/identifier-type"},{"code":{"system":"http://hl7.org/fhir/tools/CodeSystem/ig-parameters","code":"special-url"},"value":"https://example.ca/fhir/extensions/global/createDate"},{"code":{"system":"http://hl7.org/fhir/tools/CodeSystem/ig-parameters","code":"special-url"},"value":"https://example.ca/fhir/SearchParameter/updatedate"},{"code":{"system":"http://hl7.org/fhir/tools/CodeSystem/ig-parameters","code":"special-url"},"value":"https://example.ca/fhir/CodeSystem/identifier-type"},{"code":{"system":"http://hl7.org/fhir/tools/CodeSystem/ig-parameters","code":"special-url"},"value":"https://lg.com/fhir/CodeSystem/identifier-type"},{"code":{"system":"http://hl7.org/fhir/tools/CodeSystem/ig-parameters","code":"special-url"},"value":"https://rxvx.ca/fhir/CodeSystem/identifier-type"},{"code":{"system":"http://hl7.org/fhir/tools/CodeSystem/ig-parameters","code":"special-url"},"value":"https://example.ca/fhir/extensions/global/createDate"},{"code":{"system":"http://hl7.org/fhir/tools/CodeSystem/ig-parameters","code":"special-url"},"value":"https://example.ca/fhir/SearchParameter/updatedate"}]}}