{"resourceType":"ValueSet","id":"App1ObsCodeVS","text":{"status":"generated","div":"<div xmlns=\"http://www.w3.org/1999/xhtml\"><p class=\"res-header-id\"><b>Generated Narrative: ValueSet App1ObsCodeVS</b></p><a name=\"App1ObsCodeVS\"> </a><a name=\"hcApp1ObsCodeVS\"> </a><ul><li>Include these codes as defined in <a href=\"http://www.snomed.org/\"><code>http://snomed.info/sct</code></a><span title=\"Version is not explicitly stated. No matching Code System found\"> version Not Stated (use latest from terminology server)</span><table class=\"none\"><tr><td style=\"white-space:nowrap\"><b>Code</b></td><td><b>Display</b></td></tr><tr><td><a href=\"http://snomed.info/id/27113001\">27113001</a></td><td>Body weight</td></tr><tr><td><a href=\"http://snomed.info/id/1153637007\">1153637007</a></td><td>Body height</td></tr><tr><td><a href=\"http://snomed.info/id/276361009\">276361009</a></td><td>Waist circumference</td></tr></table></li></ul></div>"},"url":"http://example.ca/fhir/ValueSet/App1ObsCodeVS","version":"0.1.0","name":"App1ObsCodeVS","status":"draft","date":"2026-01-02T17:23:15+00:00","publisher":"Example Publisher","contact":[{"name":"Example Publisher","telecom":[{"system":"url","value":"http://example.org/example-publisher"}]}],"description":"ValueSet of RXVX Observation codes","compose":{"include":[{"system":"http://snomed.info/sct","concept":[{"code":"27113001","display":"Body weight"},{"code":"1153637007","display":"Body height"},{"code":"276361009","display":"Waist circumference"}]}]}}