{"resourceType":"ValueSet","id":"App2ObsCatVS","text":{"status":"generated","div":"<div xmlns=\"http://www.w3.org/1999/xhtml\"><p class=\"res-header-id\"><b>Generated Narrative: ValueSet App2ObsCatVS</b></p><a name=\"App2ObsCatVS\"> </a><a name=\"hcApp2ObsCatVS\"> </a><ul><li>Include these codes as defined in <a href=\"http://www.snomed.org/\"><code>http://snomed.info/sct</code></a><span title=\"Version is not explicitly stated. No matching Code System found\"> version Not Stated (use latest from terminology server)</span><table class=\"none\"><tr><td style=\"white-space:nowrap\"><b>Code</b></td><td><b>Display</b></td></tr><tr><td><a href=\"http://snomed.info/id/248254009\">248254009</a></td><td style=\"color: #cccccc\">Quality of sleep</td></tr><tr><td><a href=\"http://snomed.info/id/405052004\">405052004</a></td><td style=\"color: #cccccc\">Level of stress (observable entity)</td></tr></table></li></ul></div>"},"url":"http://example.ca/fhir/ValueSet/App2ObsCatVS","version":"0.1.0","name":"App2ObsCatVS","status":"draft","date":"2026-01-02T17:12:00+00:00","publisher":"Example Publisher","contact":[{"name":"Example Publisher","telecom":[{"system":"url","value":"http://example.org/example-publisher"}]}],"description":"ValueSet of App2 Observation categories","compose":{"include":[{"system":"http://snomed.info/sct","concept":[{"code":"248254009"},{"code":"405052004"}]}]}}