{
  "resourceType" : "Observation",
  "id" : "App1ObservationExample",
  "meta" : {
    "source" : "https://rxvx.ca",
    "profile" : ["http://example.ca/fhir/StructureDefinition/App1Observation"]
  },
  "text" : {
    "status" : "generated",
    "div" : "<div xmlns=\"http://www.w3.org/1999/xhtml\"><p class=\"res-header-id\"><b>Generated Narrative: Observation App1ObservationExample</b></p><a name=\"App1ObservationExample\"> </a><a name=\"hcApp1ObservationExample\"> </a><div style=\"display: inline-block; background-color: #d9e0e7; padding: 6px; margin: 4px; border: 1px solid #8da1b4; border-radius: 5px; line-height: 60%\"><p style=\"margin-bottom: 0px\"/><p style=\"margin-bottom: 0px\">Information Source: <a href=\"https://rxvx.ca\">https://rxvx.ca</a></p><p style=\"margin-bottom: 0px\">Profile: <a href=\"StructureDefinition-App1Observation.html\">App1Observation</a></p></div><p><b>status</b>: Final</p><p><b>category</b>: <span title=\"Codes:{http://terminology.hl7.org/CodeSystem/observation-category vital-signs}\">Vital Signs</span></p><p><b>code</b>: <span title=\"Codes:{http://snomed.info/sct 27113001}\">Body weight</span></p><p><b>subject</b>: <a href=\"Patient-App1PatientExample.html\">John Doe  (no stated gender), DoB Unknown ( HH Patient: HH Identifier System#pa_id)</a></p><p><b>value</b>: 50 kg<span style=\"background: LightGoldenRodYellow\"> (Details: UCUM  codekg = 'kg')</span></p></div>"
  },
  "status" : "final",
  "category" : [{
    "coding" : [{
      "system" : "http://terminology.hl7.org/CodeSystem/observation-category",
      "code" : "vital-signs",
      "display" : "Vital Signs"
    }]
  }],
  "code" : {
    "coding" : [{
      "system" : "http://snomed.info/sct",
      "code" : "27113001",
      "display" : "Body weight"
    }]
  },
  "subject" : {
    "reference" : "Patient/App1PatientExample"
  },
  "valueQuantity" : {
    "value" : 50,
    "system" : "http://unitsofmeasure.org",
    "code" : "kg"
  }
}